Symbol,Strategy,Direction,Exit,Entry Date,Exit Date,Days Held,Entry $,Exit $,PnL $,PnL %
AAPL,NAKED_LONG,BEARISH,TIME,2019-01-02,2019-01-07,5,954.32,1003.89,49.57,5.2
AMD,NAKED_LONG,BEARISH,TIME,2019-01-02,2019-01-07,5,710.93,786.26,75.33,9.0
GDX,NAKED_LONG,BEARISH,TIME,2019-01-03,2019-01-08,5,467.95,456.1,-11.85,-1.4
TSLA,DIAGONAL,BULLISH,TIME,2019-01-02,2019-01-17,15,622.29,685.77,63.48,7.6
AVGO,DIAGONAL,BULLISH,TIME,2019-01-03,2019-01-18,15,523.71,546.49,22.78,2.7
GDX,DIAGONAL,BULLISH,TIME,2019-01-07,2019-01-22,15,463.87,399.07,-64.8,-7.8
QCOM,DIAGONAL,BULLISH,TIME,2019-01-08,2019-01-23,15,1051.38,965.16,-86.22,-8.2
GDX,DIAGONAL,BULLISH,TIME,2019-01-08,2019-01-23,15,461.02,399.25,-61.77,-7.4
GDX,NAKED_LONG,BEARISH,TIME,2019-01-23,2019-01-28,5,783.5,806.6,23.1,2.8
ANET,DIAGONAL,BULLISH,TIME,2019-01-17,2019-02-01,15,698.28,657.54,-40.74,-4.9
TSLA,DIAGONAL,BULLISH,TIME,2019-01-18,2019-02-04,17,691.03,576.17,-114.86,-13.8
GDX,NAKED_LONG,BEARISH,TIME,2019-01-28,2019-02-04,7,807.97,839.73,31.75,3.8
TSLA,DIAGONAL,BULLISH,TIME,2019-01-22,2019-02-06,15,675.32,576.14,-99.18,-11.9
AVGO,DIAGONAL,BULLISH,TIME,2019-01-23,2019-02-07,15,564.2,471.13,-93.07,-11.2
ANET,DIAGONAL,BULLISH,TIME,2019-01-28,2019-02-12,15,674.72,722.32,47.6,5.7
GDX,DIAGONAL,BULLISH,TIME,2019-02-04,2019-02-19,15,442.69,447.17,4.48,0.5
AMZN,CREDIT_SPREAD,BULLISH,TIME,2019-02-04,2019-02-19,15,245.19,179.47,65.72,7.9
AMD,CREDIT_SPREAD,BULLISH,TIME,2019-02-06,2019-02-21,15,364.94,320.33,44.6,5.4
TQQQ,DIAGONAL,BULLISH,TIME,2019-02-07,2019-02-22,15,770.28,744.19,-26.09,-3.1
TQQQ,NAKED_LONG,BULLISH,TIME,2019-02-21,2019-02-26,5,741.08,738.8,-2.28,-0.3
META,CREDIT_SPREAD,BULLISH,TIME,2019-02-12,2019-02-27,15,261.28,194.76,66.52,8.0
AVGO,NAKED_LONG,BULLISH,TIME,2019-02-22,2019-02-27,5,480.38,471.91,-8.46,-1.0
SOXL,NAKED_LONG,BULLISH,TIME,2019-02-27,2019-03-04,5,668.62,647.09,-21.53,-2.6
META,CREDIT_SPREAD,BULLISH,TIME,2019-02-19,2019-03-06,15,256.18,90.49,165.69,19.9
MU,CREDIT_SPREAD,BULLISH,TIME,2019-02-19,2019-03-06,15,347.7,233.22,114.49,13.7
TSLA,NAKED_LONG,BULLISH,TIME,2019-03-04,2019-03-11,7,473.54,482.68,9.14,1.1
SOXL,NAKED_LONG,BULLISH,TIME,2019-03-06,2019-03-11,5,632.22,615.7,-16.51,-2.0
AAPL,NAKED_LONG,BULLISH,TIME,2019-03-06,2019-03-11,5,857.41,881.36,23.95,2.8
QCOM,NAKED_LONG,BEARISH,TIME,2019-03-06,2019-03-11,5,907.11,905.81,-1.3,-0.1
GDX,DIAGONAL,BULLISH,TIME,2019-02-26,2019-03-13,15,448.24,445.79,-2.45,-0.3
AMD,CREDIT_SPREAD,BULLISH,TIME,2019-02-27,2019-03-14,15,349.16,179.49,169.66,20.4
NVDA,NAKED_LONG,BEARISH,TIME,2019-03-11,2019-03-18,7,826.28,875.76,49.48,5.9
AAPL,NAKED_LONG,BEARISH,TIME,2019-03-11,2019-03-18,7,831.08,874.05,42.97,5.2
TQQQ,NAKED_LONG,BEARISH,TIME,2019-03-12,2019-03-18,6,720.41,742.87,22.47,2.7
SOXL,NAKED_LONG,BEARISH,TIME,2019-03-12,2019-03-18,6,659.65,735.14,75.49,9.1
AMD,NAKED_LONG,BULLISH,TIME,2019-03-14,2019-03-19,5,516.4,677.2,160.8,19.3
GOOGL,NAKED_LONG,BULLISH,TIME,2019-03-18,2019-03-25,7,1220.01,1234.95,14.94,1.2
TSLA,NAKED_LONG,BULLISH,TIME,2019-03-18,2019-03-25,7,463.14,444.02,-19.12,-2.3
TQQQ,NAKED_LONG,BEARISH,TIME,2019-03-18,2019-03-25,7,746.27,832.79,86.52,10.4
SHOP,NAKED_LONG,BULLISH,TIME,2019-03-19,2019-03-25,6,444.85,444.33,-0.52,-0.1
TQQQ,NAKED_LONG,BEARISH,TIME,2019-03-19,2019-03-25,6,754.09,833.75,79.66,9.6
CIEN,CREDIT_SPREAD,BULLISH,TIME,2019-03-13,2019-03-28,15,270.1,167.89,102.22,12.3
GDX,NAKED_LONG,BEARISH,TIME,2019-03-25,2019-04-01,7,446.34,424.47,-21.87,-2.6
AAPL,NAKED_LONG,BULLISH,TIME,2019-03-26,2019-04-01,6,944.59,962.07,17.48,1.9
TQQQ,DIAGONAL,BULLISH,TIME,2019-03-25,2019-04-09,15,829.12,840.82,11.7,1.4
SOXL,DIAGONAL,BULLISH,TIME,2019-03-25,2019-04-09,15,811.12,929.46,118.33,14.2
NVDA,DIAGONAL,BULLISH,TIME,2019-03-25,2019-04-09,15,761.19,745.39,-15.8,-1.9
SOXL,DIAGONAL,BULLISH,TIME,2019-03-28,2019-04-12,15,800.46,961.74,161.28,19.4
GOOGL,NAKED_LONG,BULLISH,TIME,2019-04-09,2019-04-15,6,1234.93,1258.15,23.23,1.9
TSLA,NAKED_LONG,BULLISH,TIME,2019-04-09,2019-04-15,6,459.39,433.68,-25.71,-3.1
ZS,DIAGONAL,BULLISH,TIME,2019-04-01,2019-04-16,15,1699.63,1712.5,12.87,0.8
GDX,CREDIT_SPREAD,BULLISH,TIME,2019-04-01,2019-04-16,15,234.86,116.48,118.37,14.2
AVGO,NAKED_LONG,BEARISH,TIME,2019-04-12,2019-04-17,5,526.79,522.73,-4.06,-0.5
NVDA,NAKED_LONG,BULLISH,TIME,2019-04-15,2019-04-22,7,731.82,691.52,-40.3,-4.8
TSLA,NAKED_LONG,BULLISH,TIME,2019-04-15,2019-04-22,7,436.54,429.94,-6.6,-0.8
NOW,NAKED_LONG,BULLISH,TIME,2019-04-16,2019-04-22,6,1040.96,1025.67,-15.28,-1.5
NOW,NAKED_LONG,BULLISH,TIME,2019-04-17,2019-04-22,5,1026.24,1026.13,-0.11,-0.0
AVGO,NAKED_LONG,BULLISH,TIME,2019-04-22,2019-04-29,7,543.96,538.99,-4.97,-0.6
IWM,NAKED_LONG,BULLISH,TIME,2019-04-22,2019-04-29,7,2932.44,3001.6,69.15,2.4
TQQQ,NAKED_LONG,BEARISH,TIME,2019-04-22,2019-04-29,7,775.32,811.47,36.15,4.3
MU,CREDIT_SPREAD,BULLISH,TIME,2019-04-15,2019-04-30,15,337.31,129.15,208.16,25.0
GDX,DIAGONAL,BULLISH,TIME,2019-04-16,2019-05-01,15,430.09,393.37,-36.73,-4.4
SOXL,NAKED_LONG,BULLISH,TIME,2019-04-29,2019-05-06,7,653.07,638.34,-14.74,-1.8
MU,NAKED_LONG,BULLISH,TIME,2019-04-29,2019-05-06,7,876.78,863.23,-13.56,-1.5
TQQQ,NAKED_LONG,BEARISH,TIME,2019-04-29,2019-05-06,7,812.82,845.39,32.56,3.9
GOOGL,NAKED_LONG,BEARISH,TIME,2019-04-29,2019-05-06,7,1232.72,1330.88,98.16,8.0
AMD,NAKED_LONG,BULLISH,TIME,2019-04-30,2019-05-06,6,660.91,632.34,-28.57,-3.4
SHOP,NAKED_LONG,BEARISH,TIME,2019-05-06,2019-05-13,7,594.13,599.77,5.63,0.7
TQQQ,DIAGONAL,BULLISH,TIME,2019-05-01,2019-05-16,15,831.56,968.31,136.74,16.4
NVDA,DIAGONAL,BULLISH,TIME,2019-05-06,2019-05-21,15,787.52,704.67,-82.85,-9.9
AMD,DIAGONAL,BULLISH,TIME,2019-05-06,2019-05-21,15,652.44,668.36,15.92,1.9
AVGO,DIAGONAL,BULLISH,TIME,2019-05-06,2019-05-21,15,541.26,507.68,-33.59,-4.0
GOOGL,DIAGONAL,BEARISH,TIME,2019-05-06,2019-05-21,15,1421.42,1343.5,-77.92,-5.5
CIEN,DIAGONAL,BULLISH,TIME,2019-05-14,2019-05-29,15,768.76,772.99,4.23,0.5
GDX,DIAGONAL,BULLISH,TIME,2019-05-16,2019-05-31,15,814.53,836.02,21.49,2.6
AMZN,DIAGONAL,BULLISH,TIME,2019-05-21,2019-06-05,15,2029.35,1883.83,-145.52,-7.2
ZS,DIAGONAL,BULLISH,TIME,2019-05-21,2019-06-05,15,2122.35,2060.95,-61.41,-2.9
TQQQ,NAKED_LONG,BEARISH,TIME,2019-06-05,2019-06-10,5,811.28,947.95,136.68,16.4
TQQQ,DIAGONAL,BULLISH,TIME,2019-05-29,2019-06-13,15,712.97,766.6,53.62,6.4
AMD,DIAGONAL,BULLISH,TIME,2019-05-31,2019-06-17,17,752.71,807.23,54.53,6.5
GOOGL,DIAGONAL,BULLISH,TIME,2019-06-05,2019-06-20,15,1186.05,1191.0,4.95,0.4
AAPL,DIAGONAL,BEARISH,TIME,2019-06-05,2019-06-20,15,1052.08,974.22,-77.86,-7.4
TQQQ,DIAGONAL,BEARISH,TIME,2019-06-06,2019-06-21,15,665.72,629.37,-36.35,-4.4
CIEN,DIAGONAL,BULLISH,TIME,2019-06-10,2019-06-25,15,1531.19,1401.74,-129.44,-8.5
MRVL,NAKED_LONG,BULLISH,TIME,2019-06-20,2019-06-25,5,523.5,497.8,-25.7,-3.1
TQQQ,NAKED_LONG,BEARISH,TIME,2019-06-20,2019-06-25,5,669.69,629.82,-39.87,-4.8
AMD,DIAGONAL,BULLISH,TIME,2019-06-13,2019-06-28,15,890.81,781.09,-109.73,-12.3
SOXL,DIAGONAL,BULLISH,TIME,2019-06-17,2019-07-02,15,811.31,966.01,154.7,18.6
GOOGL,DIAGONAL,BEARISH,TIME,2019-06-21,2019-07-08,17,1273.06,1085.77,-187.29,-14.7
TQQQ,NAKED_LONG,BEARISH,TIME,2019-07-02,2019-07-08,6,746.27,722.79,-23.48,-2.8
TQQQ,DIAGONAL,BULLISH,TIME,2019-06-25,2019-07-10,15,806.07,732.68,-73.39,-8.8
AAPL,DIAGONAL,BULLISH,TIME,2019-06-25,2019-07-10,15,1004.64,1006.86,2.21,0.2
MU,DIAGONAL,BEARISH,TIME,2019-06-26,2019-07-11,15,1178.37,1180.55,2.18,0.2
CIEN,CREDIT_SPREAD,BULLISH,TIME,2019-06-28,2019-07-15,17,404.06,134.68,269.38,32.3
TQQQ,NAKED_LONG,BULLISH,TIME,2019-07-08,2019-07-15,7,713.45,744.5,31.06,3.7
QCOM,NAKED_LONG,BULLISH,TIME,2019-07-10,2019-07-15,5,1382.07,1381.37,-0.71,-0.1
TQQQ,NAKED_LONG,BEARISH,TIME,2019-07-10,2019-07-15,5,755.11,753.64,-1.47,-0.2
QCOM,NAKED_LONG,BULLISH,TIME,2019-07-11,2019-07-16,5,1358.9,1385.78,26.87,2.0
NOW,NAKED_LONG,BULLISH,TIME,2019-07-15,2019-07-22,7,1275.71,1242.53,-33.19,-2.6
TQQQ,NAKED_LONG,BEARISH,TIME,2019-07-15,2019-07-22,7,756.83,733.49,-23.34,-2.8
SOXL,NAKED_LONG,BEARISH,TIME,2019-07-15,2019-07-22,7,704.79,688.31,-16.48,-2.0
AAPL,NAKED_LONG,BEARISH,TIME,2019-07-15,2019-07-22,7,970.25,987.53,17.28,1.8
NVDA,NAKED_LONG,BULLISH,TIME,2019-07-16,2019-07-22,6,752.42,744.15,-8.27,-1.0
SOXL,CREDIT_SPREAD,BULLISH,TIME,2019-07-08,2019-07-23,15,399.88,386.08,13.8,1.7
MRVL,NAKED_LONG,BULLISH,TIME,2019-07-22,2019-07-29,7,529.32,557.77,28.45,3.4
IWM,NAKED_LONG,BULLISH,TIME,2019-07-22,2019-07-29,7,2914.51,2957.55,43.04,1.5
CIEN,NAKED_LONG,BULLISH,TIME,2019-07-22,2019-07-29,7,910.34,966.19,55.85,6.1
AVGO,NAKED_LONG,BEARISH,TIME,2019-07-22,2019-07-29,7,555.83,558.62,2.79,0.3
TQQQ,NAKED_LONG,BEARISH,TIME,2019-07-23,2019-07-29,6,755.8,741.96,-13.84,-1.7
AMZN,NAKED_LONG,BULLISH,TIME,2019-07-29,2019-08-05,7,1979.34,1839.9,-139.44,-7.0
META,NAKED_LONG,BULLISH,TIME,2019-07-29,2019-08-05,7,4061.71,3840.83,-220.88,-5.4
TQQQ,DIAGONAL,BULLISH,TIME,2019-08-05,2019-08-20,15,715.99,886.56,170.57,20.5
SOXL,DIAGONAL,BULLISH,TIME,2019-08-05,2019-08-20,15,597.5,733.49,135.98,16.3
NVDA,DIAGONAL,BULLISH,TIME,2019-08-05,2019-08-20,15,816.73,985.53,168.81,20.3
GDX,DIAGONAL,BEARISH,TIME,2019-08-05,2019-08-20,15,670.44,617.3,-53.14,-6.4
AVGO,DIAGONAL,BULLISH,TIME,2019-08-06,2019-08-21,15,503.28,541.44,38.15,4.6
QCOM,DIAGONAL,BULLISH,TIME,2019-08-06,2019-08-21,15,1284.03,1454.64,170.62,13.3
NOW,DIAGONAL,BULLISH,TIME,2019-08-20,2019-09-04,15,1172.26,1167.09,-5.18,-0.4
ZS,DIAGONAL,BULLISH,TIME,2019-08-20,2019-09-04,15,2024.12,1838.35,-185.77,-9.2
AAPL,DIAGONAL,BEARISH,TIME,2019-08-20,2019-09-04,15,1244.7,1117.93,-126.77,-10.2
TSLA,DIAGONAL,BULLISH,TIME,2019-08-21,2019-09-05,15,438.43,370.27,-68.15,-8.2
MU,DIAGONAL,BULLISH,TIME,2019-08-21,2019-09-05,15,1103.07,1163.2,60.14,5.5
TSLA,DIAGONAL,BULLISH,TIME,2019-09-04,2019-09-19,15,729.6,737.86,8.26,1.0
CRM,DIAGONAL,BULLISH,TIME,2019-09-04,2019-09-19,15,3307.08,3192.25,-114.82,-3.5
TQQQ,DIAGONAL,BEARISH,TIME,2019-09-05,2019-09-20,15,563.9,416.08,-147.82,-17.7
SOXL,DIAGONAL,BEARISH,TIME,2019-09-05,2019-09-20,15,494.35,386.03,-108.32,-13.0
NVDA,NAKED_LONG,BULLISH,TIME,2019-09-19,2019-09-24,5,828.29,777.61,-50.67,-6.1
AMD,NAKED_LONG,BULLISH,TIME,2019-09-19,2019-09-24,5,702.16,636.76,-65.4,-7.8
GOOGL,NAKED_LONG,BEARISH,TIME,2019-09-19,2019-09-24,5,1230.97,1179.84,-51.13,-4.2
NOW,NAKED_LONG,BEARISH,TIME,2019-09-20,2019-09-25,5,1156.96,1140.51,-16.45,-1.4
MU,DIAGONAL,BULLISH,TIME,2019-09-19,2019-10-04,15,1125.13,1090.47,-34.66,-3.1
SOXL,DIAGONAL,BULLISH,TIME,2019-09-20,2019-10-07,17,728.51,603.14,-125.37,-15.0
MSFT,DIAGONAL,BULLISH,TIME,2019-09-24,2019-10-09,15,2709.69,2708.71,-0.99,-0.0
TSLA,NAKED_LONG,BULLISH,TIME,2019-10-04,2019-10-09,5,773.79,796.2,22.41,2.7
AVGO,DIAGONAL,BULLISH,TIME,2019-09-25,2019-10-10,15,523.68,493.44,-30.24,-3.6
MRVL,NAKED_LONG,BEARISH,TIME,2019-10-07,2019-10-14,7,534.22,555.46,21.23,2.5
TSLA,NAKED_LONG,BEARISH,TIME,2019-10-09,2019-10-14,5,416.85,443.57,26.72,3.2
TQQQ,NAKED_LONG,BEARISH,TIME,2019-10-10,2019-10-15,5,763.81,849.14,85.33,10.2
SOXL,NAKED_LONG,BEARISH,TIME,2019-10-10,2019-10-15,5,718.84,863.46,144.62,17.4
TQQQ,NAKED_LONG,BEARISH,TIME,2019-10-14,2019-10-21,7,809.21,850.0,40.79,4.9
AAPL,NAKED_LONG,BULLISH,TIME,2019-10-15,2019-10-21,6,1193.35,1212.18,18.83,1.6
TQQQ,NAKED_LONG,BEARISH,TIME,2019-10-15,2019-10-21,6,641.0,638.35,-2.65,-0.3
COHR,DIAGONAL,BULLISH,TIME,2019-10-09,2019-10-24,15,743.48,717.06,-26.42,-3.2
GDX,DIAGONAL,BULLISH,TIME,2019-10-10,2019-10-25,15,597.63,562.0,-35.63,-4.3
GOOGL,NAKED_LONG,BULLISH,TIME,2019-10-21,2019-10-28,7,1290.2,1327.16,36.96,2.9
TSLA,NAKED_LONG,BULLISH,TIME,2019-10-21,2019-10-28,7,420.25,648.11,227.85,27.3
GDX,CREDIT_SPREAD,BULLISH,TIME,2019-10-14,2019-10-29,15,277.03,180.3,96.72,11.6
CIEN,NAKED_LONG,BULLISH,TIME,2019-10-24,2019-10-29,5,833.28,763.55,-69.73,-8.4
TQQQ,NAKED_LONG,BEARISH,TIME,2019-10-25,2019-10-30,5,637.15,610.46,-26.69,-3.2
TQQQ,NAKED_LONG,BEARISH,TIME,2019-10-28,2019-11-04,7,658.25,620.86,-37.39,-4.5
SOXL,NAKED_LONG,BEARISH,TIME,2019-10-28,2019-11-04,7,485.52,517.45,31.93,3.8
AAPL,NAKED_LONG,BULLISH,TIME,2019-10-30,2019-11-04,5,1219.53,1292.53,73.0,6.0
NOW,CREDIT_SPREAD,BULLISH,TIME,2019-10-21,2019-11-05,15,307.55,271.01,36.54,4.4
TQQQ,NAKED_LONG,BEARISH,TIME,2019-11-04,2019-11-11,7,625.23,577.87,-47.36,-5.7
SOXL,NAKED_LONG,BEARISH,TIME,2019-11-04,2019-11-11,7,523.8,464.61,-59.19,-7.1
TSLA,CREDIT_SPREAD,BULLISH,TIME,2019-10-29,2019-11-13,15,350.82,322.43,28.39,3.4
WDAY,CREDIT_SPREAD,BULLISH,TIME,2019-10-29,2019-11-13,15,271.06,133.06,138.0,16.6
AMZN,NAKED_LONG,BULLISH,TIME,2019-11-11,2019-11-18,7,1830.03,1803.28,-26.75,-1.5
GOOGL,NAKED_LONG,BULLISH,TIME,2019-11-13,2019-11-18,5,1327.93,1353.86,25.93,2.0
GDX,CREDIT_SPREAD,BULLISH,TIME,2019-11-04,2019-11-19,15,266.45,143.07,123.39,14.8
SHOP,CREDIT_SPREAD,BULLISH,TIME,2019-11-05,2019-11-20,15,366.4,291.96,74.44,8.9
TQQQ,NAKED_LONG,BEARISH,TIME,2019-11-18,2019-11-25,7,749.57,746.06,-3.52,-0.4
AAPL,NAKED_LONG,BEARISH,TIME,2019-11-18,2019-11-25,7,1265.06,1272.04,6.99,0.6
SOXL,NAKED_LONG,BULLISH,TIME,2019-11-19,2019-11-25,6,801.75,753.05,-48.71,-5.8
SOXL,NAKED_LONG,BULLISH,TIME,2019-11-20,2019-11-25,5,752.49,753.99,1.5,0.2
GDX,DIAGONAL,BULLISH,TIME,2019-11-11,2019-11-26,15,540.98,523.69,-17.28,-2.1
GDX,NAKED_LONG,BULLISH,TIME,2019-11-25,2019-12-02,7,512.63,529.85,17.22,2.1
CRM,NAKED_LONG,BULLISH,TIME,2019-11-25,2019-12-02,7,3295.7,3271.91,-23.78,-0.7
NOW,NAKED_LONG,BULLISH,TIME,2019-11-26,2019-12-02,6,1231.42,1205.43,-25.99,-2.1
MRVL,CREDIT_SPREAD,BULLISH,TIME,2019-11-18,2019-12-03,15,311.73,169.64,142.09,17.1
GDX,NAKED_LONG,BEARISH,TIME,2019-12-02,2019-12-09,7,516.49,501.68,-14.81,-1.8
TQQQ,DIAGONAL,BULLISH,TIME,2019-12-02,2019-12-17,15,777.24,854.9,77.66,9.3
SOXL,DIAGONAL,BULLISH,TIME,2019-12-02,2019-12-17,15,714.19,938.8,224.61,27.0
NVDA,DIAGONAL,BULLISH,TIME,2019-12-02,2019-12-17,15,726.97,740.04,13.07,1.6
TQQQ,DIAGONAL,BULLISH,TIME,2019-12-03,2019-12-18,15,764.48,856.92,92.44,11.1
SOXL,DIAGONAL,BULLISH,TIME,2019-12-03,2019-12-18,15,662.89,934.18,271.29,32.6
GDX,NAKED_LONG,BULLISH,TIME,2019-12-17,2019-12-23,6,527.03,546.54,19.51,2.3
MSFT,NAKED_LONG,BULLISH,TIME,2019-12-18,2019-12-23,5,3011.16,3068.2,57.04,1.9
NOW,DIAGONAL,BULLISH,TIME,2019-12-09,2019-12-24,15,1171.41,1190.92,19.51,1.7
GOOGL,NAKED_LONG,BULLISH,TIME,2019-12-23,2019-12-30,7,1380.25,1368.07,-12.19,-0.9
SHOP,NAKED_LONG,BULLISH,TIME,2019-12-23,2019-12-30,7,930.58,930.68,0.1,0.0
TQQQ,NAKED_LONG,BEARISH,TIME,2019-12-23,2019-12-30,7,663.49,660.45,-3.04,-0.4
NVDA,NAKED_LONG,BULLISH,TIME,2019-12-24,2019-12-30,6,757.84,736.45,-21.39,-2.6
TQQQ,NAKED_LONG,BEARISH,TIME,2020-01-02,2020-01-07,5,1139.72,1154.85,15.13,1.2
SOXL,NAKED_LONG,BEARISH,TIME,2020-01-02,2020-01-07,5,976.08,1022.85,46.77,3.8
NVDA,NAKED_LONG,BEARISH,TIME,2020-01-02,2020-01-07,5,1188.38,1198.33,9.95,0.8
TSLA,NAKED_LONG,BEARISH,TIME,2020-01-03,2020-01-08,5,673.35,758.2,84.85,6.9
VRT,NAKED_LONG,BEARISH,TIME,2020-01-03,2020-01-08,5,1098.31,1118.18,19.87,1.6
NVDA,NAKED_LONG,BEARISH,TIME,2020-01-07,2020-01-13,6,1199.73,1255.88,56.15,4.6
SOXL,NAKED_LONG,BEARISH,TIME,2020-01-08,2020-01-13,5,1022.64,969.65,-52.98,-4.3
NVDA,NAKED_LONG,BEARISH,TIME,2020-01-08,2020-01-13,5,1201.36,1256.16,54.8,4.4
NVDA,NAKED_LONG,BEARISH,TIME,2020-01-13,2020-01-21,8,1131.79,1119.25,-12.54,-1.0
AAPL,NAKED_LONG,BEARISH,TIME,2020-01-13,2020-01-21,8,1488.11,1502.6,14.49,1.0
AMD,DIAGONAL,BULLISH,TIME,2020-01-07,2020-01-22,15,1213.13,1140.97,-72.16,-5.8
AVGO,DIAGONAL,BULLISH,TIME,2020-01-07,2020-01-22,15,1170.29,1125.22,-45.07,-3.7
CIEN,DIAGONAL,BULLISH,TIME,2020-01-07,2020-01-22,15,1266.63,875.06,-391.58,-30.9
IWM,DIAGONAL,BULLISH,TIME,2020-01-21,2020-02-05,15,3200.82,3194.83,-5.99,-0.2
MSFT,DIAGONAL,BULLISH,TIME,2020-01-22,2020-02-06,15,3256.24,3660.46,404.21,12.4
TQQQ,NAKED_LONG,BEARISH,TIME,2020-02-06,2020-02-11,5,1055.83,1073.23,17.4,1.4
TQQQ,NAKED_LONG,BEARISH,TIME,2020-02-11,2020-02-18,7,1080.22,1103.09,22.87,1.9
GDX,DIAGONAL,BULLISH,TIME,2020-02-05,2020-02-20,15,1155.17,1167.77,12.6,1.0
GOOGL,DIAGONAL,BULLISH,TIME,2020-02-05,2020-02-20,15,1537.77,1581.79,44.01,2.9
SHOP,DIAGONAL,BULLISH,TIME,2020-02-06,2020-02-21,15,1063.95,1220.94,156.99,12.7
ZS,DIAGONAL,BULLISH,TIME,2020-02-06,2020-02-21,15,1515.7,1620.83,105.13,6.9
GDX,NAKED_LONG,BEARISH,TIME,2020-02-20,2020-02-25,5,1146.04,1206.43,60.39,4.9
SOXL,DIAGONAL,BULLISH,TIME,2020-02-18,2020-03-04,15,697.68,636.16,-61.52,-5.0
NOW,DIAGONAL,BULLISH,TIME,2020-02-20,2020-03-06,15,1697.95,1545.52,-152.43,-9.0
TQQQ,DIAGONAL,BULLISH,TIME,2020-02-21,2020-03-09,17,1078.68,948.29,-130.39,-10.6
SOXL,DIAGONAL,BULLISH,TIME,2020-02-21,2020-03-09,17,691.1,463.52,-227.57,-18.4
NVDA,DIAGONAL,BULLISH,TIME,2020-02-21,2020-03-09,17,1164.38,1128.8,-35.58,-2.9
TQQQ,DIAGONAL,BULLISH,TIME,2020-02-25,2020-03-11,15,996.41,1031.73,35.33,2.9
GDX,DIAGONAL,BEARISH,TIME,2020-03-04,2020-03-19,15,771.78,1072.13,300.35,24.3
TQQQ,DIAGONAL,BULLISH,TIME,2020-03-06,2020-03-23,17,1106.96,822.33,-284.63,-23.1
TQQQ,DIAGONAL,BULLISH,TIME,2020-03-09,2020-03-24,15,971.96,1040.4,68.44,5.5
NVDA,DIAGONAL,BULLISH,TIME,2020-03-09,2020-03-24,15,1182.7,1624.55,441.85,35.8
GDX,DIAGONAL,BULLISH,PROFIT,2020-03-11,2020-03-25,14,683.6,1199.98,516.38,41.9
AAPL,DIAGONAL,BULLISH,TIME,2020-03-19,2020-04-03,15,2191.42,2109.79,-81.62,-3.7
COHR,DIAGONAL,BEARISH,TIME,2020-03-23,2020-04-07,15,1437.2,1355.98,-81.21,-5.7
NVDA,DIAGONAL,BEARISH,TIME,2020-03-24,2020-04-08,15,1004.54,995.48,-9.06,-0.7
AVGO,DIAGONAL,BEARISH,TIME,2020-03-25,2020-04-09,15,1043.51,1127.26,83.75,6.8
AVGO,DIAGONAL,BEARISH,TIME,2020-03-26,2020-04-13,18,1197.19,1135.17,-62.02,-5.0
NOW,DIAGONAL,BULLISH,TIME,2020-04-03,2020-04-20,17,1909.42,1847.5,-61.91,-3.2
ANET,DIAGONAL,BEARISH,TIME,2020-04-03,2020-04-20,17,1150.66,867.65,-283.01,-22.9
TSLA,DIAGONAL,BEARISH,TIME,2020-04-08,2020-04-23,15,2072.28,1767.24,-305.03,-14.7
TQQQ,DIAGONAL,BEARISH,TIME,2020-04-09,2020-04-24,15,954.56,745.97,-208.59,-16.9
MRVL,NAKED_LONG,BEARISH,TIME,2020-04-20,2020-04-27,7,825.25,692.83,-132.42,-10.7
CIEN,DIAGONAL,BULLISH,TIME,2020-04-13,2020-04-28,15,1559.34,1273.96,-285.38,-18.3
TQQQ,NAKED_LONG,BEARISH,TIME,2020-04-27,2020-05-04,7,1142.04,1071.71,-70.33,-5.7
MU,NAKED_LONG,BEARISH,TIME,2020-04-28,2020-05-04,6,1442.66,1486.45,43.79,3.0
NVDA,DIAGONAL,BULLISH,TIME,2020-04-20,2020-05-05,15,1213.53,939.09,-274.44,-22.2
GOOGL,DIAGONAL,BEARISH,TIME,2020-04-23,2020-05-08,15,1892.3,1719.47,-172.83,-9.1
TQQQ,NAKED_LONG,BEARISH,TIME,2020-05-05,2020-05-11,6,989.67,1096.24,106.57,8.6
GDX,NAKED_LONG,BULLISH,TIME,2020-05-11,2020-05-18,7,781.51,815.91,34.4,2.8
MU,DIAGONAL,BULLISH,TIME,2020-05-04,2020-05-19,15,1380.97,1233.42,-147.55,-10.7
QCOM,DIAGONAL,BULLISH,TIME,2020-05-04,2020-05-19,15,1786.55,1673.18,-113.38,-6.3
SHOP,CREDIT_SPREAD,BULLISH,TIME,2020-05-08,2020-05-26,18,540.44,414.67,125.78,10.2
NVDA,NAKED_LONG,BEARISH,TIME,2020-05-19,2020-05-26,7,1096.85,1085.66,-11.18,-0.9
NVDA,NAKED_LONG,BEARISH,TIME,2020-05-20,2020-05-26,6,1073.3,1086.9,13.61,1.1
GDX,NAKED_LONG,BULLISH,TIME,2020-05-26,2020-06-01,6,782.94,779.15,-3.79,-0.3
CRWD,DIAGONAL,BULLISH,TIME,2020-05-18,2020-06-02,15,1913.68,2394.23,480.55,25.1
TQQQ,NAKED_LONG,BEARISH,TIME,2020-06-01,2020-06-08,7,1090.45,1199.55,109.09,8.8
AMD,NAKED_LONG,BULLISH,TIME,2020-06-02,2020-06-08,6,1273.16,1247.45,-25.71,-2.0
AMZN,DIAGONAL,BULLISH,TIME,2020-05-26,2020-06-10,15,2942.34,2743.56,-198.78,-6.8
MRVL,NAKED_LONG,BULLISH,TIME,2020-06-08,2020-06-15,7,860.49,859.57,-0.92,-0.1
TQQQ,NAKED_LONG,BEARISH,TIME,2020-06-08,2020-06-15,7,1210.8,1423.87,213.07,17.3
AVGO,NAKED_LONG,BULLISH,TIME,2020-06-10,2020-06-15,5,619.06,633.34,14.28,1.2
VRT,NAKED_LONG,BULLISH,TIME,2020-06-10,2020-06-15,5,1009.06,1043.89,34.83,2.8
COHR,CREDIT_SPREAD,BULLISH,TIME,2020-06-02,2020-06-17,15,551.79,400.62,151.17,12.3
NVDA,NAKED_LONG,BEARISH,TIME,2020-06-15,2020-06-22,7,1150.05,1162.59,12.54,1.0
AAPL,NAKED_LONG,BEARISH,TIME,2020-06-15,2020-06-22,7,1793.32,1878.64,85.31,4.8
TQQQ,NAKED_LONG,BEARISH,TIME,2020-06-17,2020-06-22,5,1142.38,1151.35,8.97,0.7
TSLA,NAKED_LONG,BULLISH,TIME,2020-06-22,2020-06-29,7,1851.99,1862.89,10.9,0.6
VRT,NAKED_LONG,BULLISH,TIME,2020-06-22,2020-06-29,7,1033.87,1057.61,23.74,1.9
ANET,NAKED_LONG,BULLISH,TIME,2020-06-22,2020-06-29,7,948.41,868.78,-79.63,-6.5
TQQQ,DIAGONAL,BULLISH,TIME,2020-06-15,2020-06-30,15,995.64,1120.16,124.52,10.1
SOXL,DIAGONAL,BULLISH,TIME,2020-06-15,2020-06-30,15,905.97,887.04,-18.93,-1.5
AMZN,NAKED_LONG,BULLISH,TIME,2020-06-29,2020-07-06,7,2854.09,3428.89,574.79,20.1
ANET,NAKED_LONG,BULLISH,TIME,2020-06-29,2020-07-06,7,1164.73,1195.62,30.9,2.5
TQQQ,NAKED_LONG,BEARISH,TIME,2020-06-30,2020-07-06,6,857.45,972.43,114.98,9.3
SOXL,NAKED_LONG,BEARISH,TIME,2020-06-30,2020-07-06,6,1045.84,1097.9,52.06,4.2
TQQQ,NAKED_LONG,BEARISH,TIME,2020-07-06,2020-07-13,7,982.81,815.19,-167.62,-13.6
SOXL,NAKED_LONG,BEARISH,TIME,2020-07-06,2020-07-13,7,1110.4,842.6,-267.79,-21.7
NVDA,NAKED_LONG,BEARISH,TIME,2020-07-06,2020-07-13,7,1205.89,1160.49,-45.41,-3.7
VRT,NAKED_LONG,BULLISH,TIME,2020-07-07,2020-07-13,6,1071.9,991.3,-80.6,-6.5
CRWD,DIAGONAL,BULLISH,TIME,2020-07-07,2020-07-22,15,2760.98,2836.69,75.71,2.7
AVGO,NAKED_LONG,BULLISH,TIME,2020-07-22,2020-07-27,5,1159.45,1161.29,1.84,0.1
MU,NAKED_LONG,BEARISH,TIME,2020-07-22,2020-07-27,5,1184.95,1228.81,43.87,3.6
SOXL,DIAGONAL,BULLISH,TIME,2020-07-13,2020-07-28,15,1185.87,1226.96,41.09,3.3
NVDA,DIAGONAL,BULLISH,TIME,2020-07-13,2020-07-28,15,1179.04,1152.44,-26.6,-2.2
NET,DIAGONAL,BULLISH,TIME,2020-07-14,2020-07-29,15,1092.94,1016.12,-76.83,-6.2
SHOP,NAKED_LONG,BEARISH,TIME,2020-07-28,2020-08-03,6,3000.07,3286.12,286.05,9.5
GDX,NAKED_LONG,BULLISH,TIME,2020-07-29,2020-08-03,5,916.83,927.03,10.21,0.8
AMZN,CREDIT_SPREAD,BULLISH,TIME,2020-07-22,2020-08-06,15,248.22,186.88,61.34,5.0
GOOGL,NAKED_LONG,BULLISH,TIME,2020-08-03,2020-08-10,7,1573.67,1575.62,1.94,0.1
TQQQ,NAKED_LONG,BEARISH,TIME,2020-08-03,2020-08-10,7,941.85,905.35,-36.51,-3.0
TQQQ,NAKED_LONG,BEARISH,TIME,2020-08-04,2020-08-10,6,948.37,906.74,-41.63,-3.4
SOXL,NAKED_LONG,BEARISH,TIME,2020-08-04,2020-08-10,6,1092.11,1010.85,-81.26,-6.6
SOXL,NAKED_LONG,BULLISH,TIME,2020-08-06,2020-08-11,5,982.07,896.15,-85.92,-7.0
AMD,CREDIT_SPREAD,BULLISH,TIME,2020-07-28,2020-08-12,15,503.01,566.98,-63.97,-5.2
TQQQ,NAKED_LONG,BULLISH,TIME,2020-08-10,2020-08-17,7,848.24,901.53,53.29,4.3
NVDA,NAKED_LONG,BULLISH,TIME,2020-08-10,2020-08-17,7,1226.73,1445.89,219.17,17.8
MU,NAKED_LONG,BEARISH,TIME,2020-08-10,2020-08-17,7,1121.64,1050.0,-71.63,-5.8
VRT,NAKED_LONG,BEARISH,TIME,2020-08-10,2020-08-17,7,870.36,903.78,33.42,2.7
TQQQ,NAKED_LONG,BULLISH,TIME,2020-08-11,2020-08-17,6,824.43,902.88,78.45,6.4
VRT,NAKED_LONG,BULLISH,TIME,2020-08-12,2020-08-17,5,822.94,847.56,24.62,2.0
MU,NAKED_LONG,BULLISH,TIME,2020-08-17,2020-08-24,7,1032.3,953.7,-78.6,-6.4
NVDA,NAKED_LONG,BEARISH,TIME,2020-08-17,2020-08-24,7,1198.25,1215.59,17.34,1.4
MU,NAKED_LONG,BULLISH,TIME,2020-08-18,2020-08-24,6,1013.11,954.44,-58.67,-4.8
TQQQ,NAKED_LONG,BEARISH,TIME,2020-08-18,2020-08-24,6,1006.63,948.65,-57.98,-4.7
SHOP,NAKED_LONG,BULLISH,TIME,2020-08-24,2020-08-31,7,2507.11,2567.19,60.08,2.4
TQQQ,NAKED_LONG,BEARISH,TIME,2020-08-24,2020-08-31,7,956.36,1032.8,76.44,6.2
AAPL,DIAGONAL,BULLISH,TIME,2020-08-17,2020-09-01,15,2899.99,2913.38,13.39,0.5
NET,DIAGONAL,BULLISH,TIME,2020-08-24,2020-09-08,15,1006.63,834.99,-171.64,-13.9
TQQQ,NAKED_LONG,BEARISH,TIME,2020-08-31,2020-09-08,8,1042.18,1196.77,154.59,12.5
NVDA,NAKED_LONG,BEARISH,TIME,2020-08-31,2020-09-08,8,958.66,1073.09,114.43,9.3
TQQQ,NAKED_LONG,BEARISH,TIME,2020-09-01,2020-09-08,7,1116.55,1199.07,82.52,6.7
NVDA,NAKED_LONG,BEARISH,TIME,2020-09-01,2020-09-08,7,999.29,1074.74,75.46,6.1
VRT,NAKED_LONG,BEARISH,TIME,2020-09-08,2020-09-14,6,844.35,816.02,-28.33,-2.3
VRT,DIAGONAL,BULLISH,TIME,2020-08-31,2020-09-15,15,909.93,783.92,-126.02,-10.2
TQQQ,NAKED_LONG,BEARISH,TIME,2020-09-15,2020-09-21,6,682.83,600.06,-82.77,-6.7
TQQQ,DIAGONAL,BULLISH,TIME,2020-09-08,2020-09-23,15,1074.24,1017.86,-56.38,-4.6
SOXL,DIAGONAL,BULLISH,TIME,2020-09-08,2020-09-23,15,1069.76,1076.23,6.47,0.5
NVDA,DIAGONAL,BULLISH,TIME,2020-09-08,2020-09-23,15,1026.94,1024.4,-2.54,-0.2
AMAT,DIAGONAL,BULLISH,TIME,2020-09-09,2020-09-24,15,1412.21,1372.35,-39.87,-2.8
GOOGL,DIAGONAL,BULLISH,TIME,2020-09-14,2020-09-29,15,1760.84,1668.61,-92.23,-5.2
SOXL,NAKED_LONG,BEARISH,TIME,2020-09-29,2020-10-05,6,765.89,728.91,-36.98,-3.0
SOXL,DIAGONAL,BULLISH,TIME,2020-09-21,2020-10-06,15,1144.41,1102.02,-42.39,-3.4
AMD,DIAGONAL,BULLISH,TIME,2020-09-23,2020-10-08,15,2063.3,2082.48,19.18,0.9
GDX,DIAGONAL,BULLISH,TIME,2020-09-23,2020-10-08,15,853.53,833.87,-19.66,-1.6
VRT,DIAGONAL,BULLISH,TIME,2020-09-24,2020-10-09,15,1126.95,1151.64,24.69,2.0
CIEN,NAKED_LONG,BEARISH,TIME,2020-10-05,2020-10-12,7,960.24,903.99,-56.25,-4.6
NVDA,NAKED_LONG,BEARISH,TIME,2020-10-06,2020-10-12,6,1121.44,1040.31,-81.13,-6.6
NVDA,NAKED_LONG,BULLISH,TIME,2020-10-09,2020-10-14,5,1005.49,979.89,-25.61,-2.1
VRT,NAKED_LONG,BULLISH,TIME,2020-10-12,2020-10-19,7,1140.67,1136.13,-4.54,-0.4
TQQQ,NAKED_LONG,BEARISH,TIME,2020-10-12,2020-10-19,7,699.27,603.66,-95.61,-7.8
CRWD,DIAGONAL,BULLISH,TIME,2020-10-08,2020-10-23,15,3458.9,3116.37,-342.53,-9.9
SOXL,DIAGONAL,BULLISH,TIME,2020-10-14,2020-10-29,15,654.3,536.42,-117.88,-9.6
TQQQ,DIAGONAL,BULLISH,TIME,2020-10-19,2020-11-03,15,1108.1,912.67,-195.43,-15.8
SOXL,DIAGONAL,BULLISH,TIME,2020-10-19,2020-11-03,15,621.27,512.7,-108.57,-8.8
SOXL,NAKED_LONG,BEARISH,PROFIT,2020-11-03,2020-11-05,2,1156.34,1649.84,493.49,40.0
AAPL,DIAGONAL,BULLISH,TIME,2020-10-23,2020-11-09,17,2656.69,2655.3,-1.39,-0.1
TQQQ,NAKED_LONG,BEARISH,TIME,2020-11-03,2020-11-09,6,1040.07,1285.62,245.54,19.9
VRT,NAKED_LONG,BULLISH,TIME,2020-11-05,2020-11-10,5,1097.46,1069.43,-28.03,-2.3
MRVL,DIAGONAL,BULLISH,TIME,2020-10-29,2020-11-13,15,899.98,1185.47,285.49,23.1
AAPL,NAKED_LONG,BULLISH,TIME,2020-11-09,2020-11-16,7,2703.01,2758.49,55.48,2.1
TQQQ,NAKED_LONG,BULLISH,TIME,2020-11-10,2020-11-16,6,1118.65,1236.66,118.02,9.6
TSLA,NAKED_LONG,BULLISH,PROFIT,2020-11-16,2020-11-19,3,3316.84,4702.82,1385.98,41.8
TQQQ,NAKED_LONG,BEARISH,TIME,2020-11-16,2020-11-23,7,697.57,666.89,-30.68,-2.5
AMZN,CREDIT_SPREAD,BULLISH,TIME,2020-11-09,2020-11-24,15,244.88,191.97,52.91,4.3
GDX,NAKED_LONG,BULLISH,TIME,2020-11-19,2020-11-24,5,844.05,802.77,-41.28,-3.3
NVDA,NAKED_LONG,BEARISH,TIME,2020-11-19,2020-11-24,5,1188.78,1125.99,-62.79,-5.1
AVGO,NAKED_LONG,BEARISH,TIME,2020-11-19,2020-11-24,5,792.0,790.58,-1.42,-0.1
NET,DIAGONAL,BULLISH,TIME,2020-11-13,2020-11-30,17,1839.06,2014.07,175.01,9.5
VRT,NAKED_LONG,BEARISH,TIME,2020-11-23,2020-11-30,7,1224.23,1180.46,-43.76,-3.5
GDX,NAKED_LONG,BULLISH,TIME,2020-11-24,2020-11-30,6,807.8,807.38,-0.42,-0.0
TQQQ,NAKED_LONG,BEARISH,TIME,2020-11-24,2020-11-30,6,706.59,618.05,-88.54,-7.2
TQQQ,NAKED_LONG,BEARISH,TIME,2020-11-30,2020-12-07,7,624.13,547.64,-76.49,-6.2
SOXL,NAKED_LONG,BEARISH,TIME,2020-11-30,2020-12-07,7,997.88,1044.1,46.22,3.7
NVDA,NAKED_LONG,BEARISH,TIME,2020-11-30,2020-12-07,7,1094.35,1012.4,-81.95,-6.6
TQQQ,NAKED_LONG,BEARISH,TIME,2020-12-01,2020-12-07,6,650.19,548.36,-101.82,-8.3
SOXL,NAKED_LONG,BEARISH,TIME,2020-12-01,2020-12-07,6,1054.58,1045.9,-8.69,-0.7
SHOP,DIAGONAL,BULLISH,TIME,2020-11-24,2020-12-09,15,3094.76,2580.4,-514.35,-16.6
AMZN,NAKED_LONG,BULLISH,TIME,2020-12-07,2020-12-14,7,3454.98,3259.08,-195.91,-5.7
TQQQ,NAKED_LONG,BEARISH,TIME,2020-12-07,2020-12-14,7,1105.3,952.54,-152.76,-12.4
NVDA,NAKED_LONG,BULLISH,TIME,2020-12-09,2020-12-14,5,1129.22,1124.32,-4.9,-0.4
SOXL,NAKED_LONG,BULLISH,TIME,2020-12-10,2020-12-15,5,816.66,824.53,7.87,0.6
AAPL,NAKED_LONG,BULLISH,TIME,2020-12-14,2020-12-21,7,2501.7,2703.55,201.85,8.1
NVDA,NAKED_LONG,BEARISH,TIME,2020-12-14,2020-12-21,7,1094.98,1070.85,-24.13,-2.0
TQQQ,NAKED_LONG,BEARISH,TIME,2020-12-15,2020-12-21,6,995.03,980.6,-14.43,-1.2
ZS,CREDIT_SPREAD,BULLISH,TIME,2020-12-07,2020-12-22,15,371.35,357.19,14.16,1.1
TQQQ,NAKED_LONG,BULLISH,TIME,2020-12-21,2020-12-28,7,965.46,986.35,20.89,1.7
SOXL,NAKED_LONG,BULLISH,TIME,2020-12-21,2020-12-28,7,787.89,773.32,-14.58,-1.2
AMD,NAKED_LONG,BULLISH,TIME,2020-12-21,2020-12-28,7,2121.61,2078.29,-43.32,-2.0
SOXL,NAKED_LONG,BULLISH,TIME,2020-12-22,2020-12-28,6,777.19,774.38,-2.81,-0.2
SOXL,NAKED_LONG,BULLISH,TIME,2020-12-23,2020-12-28,5,766.14,775.45,9.3,0.8
MSTR,CREDIT_SPREAD,BULLISH,TIME,2020-12-14,2020-12-29,15,648.06,684.38,-36.32,-2.9
MSTR,NAKED_LONG,BEARISH,TIME,2021-01-04,2021-01-11,7,1664.38,1864.54,200.17,12.0
AAPL,DIAGONAL,BULLISH,TIME,2021-01-04,2021-01-19,15,2839.99,2736.84,-103.15,-3.6
AMZN,DIAGONAL,BULLISH,TIME,2021-01-04,2021-01-19,15,3407.28,3279.4,-127.88,-3.8
META,NAKED_LONG,BEARISH,TIME,2021-01-19,2021-01-25,6,5936.91,6362.22,425.31,7.2
MSTR,DIAGONAL,BULLISH,TIME,2021-01-11,2021-01-26,15,1701.75,2257.91,556.16,32.7
GOOGL,NAKED_LONG,BEARISH,TIME,2021-01-25,2021-02-01,7,2056.76,2199.29,142.54,6.9
TQQQ,NAKED_LONG,BEARISH,TIME,2021-01-26,2021-02-01,6,1395.57,1536.21,140.64,10.1
MSTR,DIAGONAL,BEARISH,PROFIT,2021-02-01,2021-02-08,7,3080.22,5085.88,2005.66,65.1
VRT,NAKED_LONG,BEARISH,TIME,2021-02-01,2021-02-08,7,947.26,985.68,38.41,2.7
NVDA,DIAGONAL,BULLISH,TIME,2021-01-25,2021-02-09,15,1331.64,1307.44,-24.19,-1.7
AVGO,DIAGONAL,BULLISH,TIME,2021-01-25,2021-02-09,15,902.05,922.81,20.76,1.5
MU,DIAGONAL,BULLISH,TIME,2021-01-25,2021-02-09,15,1908.07,1982.07,74.0,3.9
CRWD,NAKED_LONG,BULLISH,TIME,2021-02-08,2021-02-16,8,5372.26,5709.7,337.44,6.3
TQQQ,NAKED_LONG,BEARISH,TIME,2021-02-08,2021-02-16,8,804.67,776.06,-28.61,-2.0
ANET,NAKED_LONG,BULLISH,TIME,2021-02-09,2021-02-16,7,1270.34,1234.67,-35.68,-2.6
NOW,NAKED_LONG,BULLISH,TIME,2021-02-16,2021-02-22,6,2765.49,2596.4,-169.09,-6.1
GDX,NAKED_LONG,BULLISH,TIME,2021-02-16,2021-02-22,6,710.97,723.38,12.41,0.9
SOXL,NAKED_LONG,BEARISH,TIME,2021-02-16,2021-02-22,6,1988.35,1790.31,-198.04,-10.0
GOOGL,DIAGONAL,BULLISH,TIME,2021-02-09,2021-02-24,15,2524.91,2355.44,-169.47,-6.7
TQQQ,NAKED_LONG,BULLISH,TIME,2021-02-22,2021-03-01,7,1316.89,1387.52,70.63,5.1
MSFT,NAKED_LONG,BULLISH,TIME,2021-02-22,2021-03-01,7,4780.94,4773.54,-7.4,-0.2
AAPL,NAKED_LONG,BULLISH,TIME,2021-02-24,2021-03-01,5,2610.79,2735.51,124.72,4.8
NET,DIAGONAL,BULLISH,TIME,2021-02-16,2021-03-03,15,2379.39,1912.21,-467.18,-19.6
GDX,NAKED_LONG,BULLISH,TIME,2021-03-01,2021-03-08,7,1333.5,1326.24,-7.26,-0.5
CRM,NAKED_LONG,BULLISH,TIME,2021-03-01,2021-03-08,7,4966.78,4754.49,-212.28,-4.3
TQQQ,NAKED_LONG,BEARISH,TIME,2021-03-01,2021-03-08,7,765.8,643.17,-122.62,-8.8
NVDA,NAKED_LONG,BEARISH,TIME,2021-03-01,2021-03-08,7,1140.59,1033.56,-107.02,-7.7
TSLA,DIAGONAL,BULLISH,PROFIT,2021-03-08,2021-03-15,7,5528.06,8068.31,2540.25,46.0
TQQQ,DIAGONAL,BULLISH,TIME,2021-03-03,2021-03-18,15,1252.21,1459.62,207.42,14.8
MSFT,NAKED_LONG,BULLISH,TIME,2021-03-15,2021-03-22,7,4849.49,4899.68,50.19,1.0
AMZN,NAKED_LONG,BULLISH,TIME,2021-03-15,2021-03-22,7,3363.64,3417.89,54.25,1.6
SHOP,DIAGONAL,BULLISH,TIME,2021-03-08,2021-03-23,15,3090.15,3122.09,31.94,1.0
TQQQ,NAKED_LONG,BEARISH,TIME,2021-03-22,2021-03-29,7,907.64,804.46,-103.18,-7.4
SOXL,NAKED_LONG,BEARISH,TIME,2021-03-22,2021-03-29,7,2179.4,1975.86,-203.53,-9.3
NVDA,NAKED_LONG,BEARISH,TIME,2021-03-22,2021-03-29,7,1226.56,1103.45,-123.11,-8.8
VRT,NAKED_LONG,BULLISH,TIME,2021-03-23,2021-03-29,6,1370.06,1290.82,-79.25,-5.7
IWM,NAKED_LONG,BULLISH,TIME,2021-03-23,2021-03-29,6,4658.61,4518.18,-140.43,-3.0
NVDA,NAKED_LONG,BEARISH,TIME,2021-03-29,2021-04-05,7,1114.46,1161.1,46.64,3.3
TQQQ,NAKED_LONG,BULLISH,TIME,2021-03-30,2021-04-05,6,713.94,793.24,79.31,5.7
MSTR,CREDIT_SPREAD,BULLISH,TIME,2021-03-23,2021-04-07,15,722.09,541.43,180.67,12.9
TQQQ,NAKED_LONG,BEARISH,TIME,2021-04-05,2021-04-12,7,886.7,753.09,-133.6,-9.6
NVDA,NAKED_LONG,BEARISH,TIME,2021-04-05,2021-04-12,7,1172.26,1080.93,-91.34,-6.5
SOXL,NAKED_LONG,BULLISH,TIME,2021-04-07,2021-04-12,5,1681.51,1570.78,-110.72,-6.6
TSLA,DIAGONAL,BULLISH,TIME,2021-03-29,2021-04-13,15,7054.72,7014.1,-40.61,-0.6
SOXL,DIAGONAL,BULLISH,TIME,2021-03-30,2021-04-14,15,1613.5,1443.24,-170.26,-10.6
SOXL,NAKED_LONG,BULLISH,TIME,2021-04-12,2021-04-19,7,1585.1,1364.6,-220.5,-13.9
AMD,NAKED_LONG,BULLISH,TIME,2021-04-12,2021-04-19,7,1836.38,1897.27,60.89,3.3
SOXL,NAKED_LONG,BULLISH,TIME,2021-04-13,2021-04-19,6,1556.37,1367.06,-189.31,-12.2
QCOM,NAKED_LONG,BULLISH,TIME,2021-04-13,2021-04-19,6,2823.49,2769.44,-54.06,-1.9
NVDA,NAKED_LONG,BEARISH,TIME,2021-04-13,2021-04-19,6,1126.05,1148.05,21.99,1.6
SOXL,NAKED_LONG,BULLISH,TIME,2021-04-14,2021-04-19,5,1508.86,1369.51,-139.35,-9.2
SOXL,NAKED_LONG,BULLISH,TIME,2021-04-19,2021-04-26,7,1381.66,1365.43,-16.24,-1.2
META,NAKED_LONG,BULLISH,TIME,2021-04-19,2021-04-26,7,6520.73,6410.58,-110.15,-1.7
TQQQ,NAKED_LONG,BULLISH,TIME,2021-04-20,2021-04-26,6,1309.98,1323.91,13.94,1.0
SOXL,NAKED_LONG,BULLISH,TIME,2021-04-20,2021-04-26,6,1311.48,1367.79,56.31,4.0
GDX,NAKED_LONG,BULLISH,TIME,2021-04-26,2021-05-03,7,738.3,728.93,-9.37,-0.7
TQQQ,NAKED_LONG,BEARISH,TIME,2021-04-26,2021-05-03,7,1396.73,1224.98,-171.76,-12.3
SOXL,NAKED_LONG,BEARISH,TIME,2021-04-26,2021-05-03,7,1534.23,1176.55,-357.67,-23.3
NVDA,NAKED_LONG,BEARISH,TIME,2021-04-26,2021-05-03,7,1159.36,1093.03,-66.33,-4.7
COHR,NAKED_LONG,BULLISH,TIME,2021-04-27,2021-05-03,6,1838.83,1639.47,-199.36,-10.8
NVDA,DIAGONAL,BULLISH,TIME,2021-04-19,2021-05-04,15,1143.94,1028.34,-115.6,-8.3
TQQQ,NAKED_LONG,BULLISH,TIME,2021-05-03,2021-05-10,7,1199.4,1191.11,-8.29,-0.6
SOXL,NAKED_LONG,BULLISH,TIME,2021-05-03,2021-05-10,7,1083.77,1078.8,-4.97,-0.4
TQQQ,NAKED_LONG,BULLISH,TIME,2021-05-04,2021-05-10,6,1181.04,1192.63,11.6,0.8
SOXL,NAKED_LONG,BULLISH,TIME,2021-05-04,2021-05-10,6,1038.1,1080.72,42.63,3.0
GDX,NAKED_LONG,BEARISH,TIME,2021-05-10,2021-05-17,7,759.78,823.63,63.85,4.6
NVDA,DIAGONAL,BULLISH,TIME,2021-05-03,2021-05-18,15,1093.84,945.86,-147.98,-10.6
NVDA,DIAGONAL,BULLISH,TIME,2021-05-04,2021-05-19,15,1073.51,946.47,-127.04,-9.1
NOW,DIAGONAL,BULLISH,TIME,2021-05-10,2021-05-25,15,2328.34,2336.29,7.95,0.3
TQQQ,DIAGONAL,BULLISH,TIME,2021-05-11,2021-05-26,15,1204.55,1355.95,151.4,10.8
TQQQ,DIAGONAL,BULLISH,TIME,2021-05-12,2021-05-27,15,1160.87,1338.98,178.12,12.7
MSTR,DIAGONAL,BULLISH,TIME,2021-05-17,2021-06-01,15,1584.77,1463.03,-121.75,-7.7
TQQQ,NAKED_LONG,BEARISH,TIME,2021-05-26,2021-06-01,6,750.53,732.44,-18.09,-1.3
GDX,NAKED_LONG,BULLISH,TIME,2021-05-27,2021-06-01,5,800.64,788.33,-12.31,-0.9
TQQQ,DIAGONAL,BULLISH,TIME,2021-05-18,2021-06-02,15,1245.8,1311.73,65.93,4.7
AAPL,DIAGONAL,BULLISH,TIME,2021-05-19,2021-06-03,15,2638.95,2526.4,-112.54,-4.3
AAPL,NAKED_LONG,BULLISH,TIME,2021-06-01,2021-06-07,6,2593.06,2589.89,-3.18,-0.1
AMD,NAKED_LONG,BEARISH,TIME,2021-06-01,2021-06-07,6,1714.94,1748.34,33.4,1.9
MRVL,NAKED_LONG,BULLISH,TIME,2021-06-02,2021-06-07,5,1117.73,1141.59,23.86,1.7
COHR,DIAGONAL,BULLISH,TIME,2021-05-25,2021-06-09,15,1863.26,1615.2,-248.07,-13.3
TQQQ,NAKED_LONG,BEARISH,TIME,2021-06-07,2021-06-14,7,759.88,644.5,-115.37,-8.3
NVDA,NAKED_LONG,BEARISH,TIME,2021-06-07,2021-06-14,7,1292.63,1181.93,-110.7,-7.9
SOXL,NAKED_LONG,BULLISH,TIME,2021-06-08,2021-06-14,6,1223.2,1094.59,-128.61,-9.2
SOXL,NAKED_LONG,BULLISH,TIME,2021-06-09,2021-06-14,5,1211.08,1096.12,-114.96,-8.2
GOOGL,DIAGONAL,BULLISH,TIME,2021-06-03,2021-06-18,15,2515.53,2459.94,-55.59,-2.2
GDX,NAKED_LONG,BULLISH,TIME,2021-06-14,2021-06-21,7,767.05,706.02,-61.03,-4.4
TQQQ,NAKED_LONG,BEARISH,TIME,2021-06-14,2021-06-21,7,1298.2,1256.45,-41.75,-3.0
SOXL,NAKED_LONG,BEARISH,TIME,2021-06-14,2021-06-21,7,1184.72,1088.49,-96.22,-6.9
NVDA,NAKED_LONG,BEARISH,TIME,2021-06-14,2021-06-21,7,1187.73,1231.29,43.56,3.1
MSTR,DIAGONAL,BULLISH,TIME,2021-06-07,2021-06-22,15,1515.96,1832.63,316.67,20.9
NVDA,NAKED_LONG,BULLISH,TIME,2021-06-21,2021-06-28,7,1232.99,1312.61,79.63,5.7
AMZN,NAKED_LONG,BULLISH,TIME,2021-06-21,2021-06-28,7,3573.54,3574.49,0.96,0.0
MU,NAKED_LONG,BULLISH,TIME,2021-06-21,2021-06-28,7,1705.28,1827.43,122.15,7.2
VRT,DIAGONAL,BULLISH,TIME,2021-06-18,2021-07-06,18,1088.15,1140.89,52.73,3.8
VRT,NAKED_LONG,BULLISH,TIME,2021-06-28,2021-07-06,8,1116.02,1144.55,28.53,2.0
GDX,NAKED_LONG,BULLISH,TIME,2021-06-28,2021-07-06,8,1381.43,1385.0,3.57,0.3
GOOGL,NAKED_LONG,BEARISH,TIME,2021-06-28,2021-07-06,8,2343.38,2413.31,69.92,3.0
MU,NAKED_LONG,BEARISH,TIME,2021-06-28,2021-07-06,8,1854.39,1896.95,42.56,2.3
MSTR,DIAGONAL,BULLISH,TIME,2021-06-22,2021-07-07,15,1908.72,2267.09,358.37,18.8
IWM,NAKED_LONG,BULLISH,TIME,2021-07-06,2021-07-12,6,4416.62,4434.78,18.16,0.4
TQQQ,NAKED_LONG,BEARISH,TIME,2021-07-06,2021-07-12,6,1334.99,1361.59,26.6,1.9
SOXL,NAKED_LONG,BULLISH,TIME,2021-07-07,2021-07-12,5,1091.28,1174.11,82.83,5.9
TQQQ,NAKED_LONG,BEARISH,TIME,2021-07-07,2021-07-12,5,1341.31,1362.5,21.19,1.5
AMZN,NAKED_LONG,BULLISH,TIME,2021-07-12,2021-07-19,7,3928.47,3763.2,-165.27,-4.2
CRM,NAKED_LONG,BULLISH,TIME,2021-07-12,2021-07-19,7,4962.78,4833.64,-129.14,-2.6
MSTR,DIAGONAL,BULLISH,TIME,2021-07-06,2021-07-21,15,2345.03,1774.49,-570.54,-24.3
SHOP,NAKED_LONG,BEARISH,TIME,2021-07-19,2021-07-26,7,3319.81,3820.75,500.94,15.1
TQQQ,NAKED_LONG,BEARISH,TIME,2021-07-21,2021-07-26,5,1352.24,1448.44,96.2,6.9
SOXL,NAKED_LONG,BEARISH,TIME,2021-07-21,2021-07-26,5,1337.24,1298.24,-39.0,-2.8
CRM,NAKED_LONG,BULLISH,TIME,2021-07-26,2021-08-02,7,5063.55,4917.13,-146.42,-2.9
TQQQ,DIAGONAL,BULLISH,TIME,2021-07-19,2021-08-03,15,1307.94,1420.14,112.2,8.0
AAPL,DIAGONAL,BULLISH,TIME,2021-07-19,2021-08-03,15,2946.15,3012.35,66.19,2.2
SOXL,NAKED_LONG,BEARISH,TIME,2021-08-02,2021-08-09,7,1446.27,1393.95,-52.32,-3.6
SOXL,NAKED_LONG,BEARISH,TIME,2021-08-03,2021-08-09,6,1471.95,1396.16,-75.79,-5.1
NVDA,DIAGONAL,BULLISH,TIME,2021-07-26,2021-08-10,15,939.87,902.65,-37.22,-2.7
SOXL,NAKED_LONG,BULLISH,TIME,2021-08-09,2021-08-16,7,1300.05,1123.46,-176.59,-12.6
SOXL,NAKED_LONG,BULLISH,TIME,2021-08-10,2021-08-16,6,1264.59,1125.0,-139.59,-10.0
TQQQ,DIAGONAL,BULLISH,TIME,2021-08-02,2021-08-17,15,721.34,686.21,-35.13,-2.5
QCOM,DIAGONAL,BULLISH,TIME,2021-08-03,2021-08-18,15,3008.14,2772.42,-235.72,-7.8
NOW,DIAGONAL,BULLISH,TIME,2021-08-03,2021-08-18,15,2415.07,2403.28,-11.79,-0.5
TQQQ,NAKED_LONG,BEARISH,TIME,2021-08-16,2021-08-23,7,1395.62,1508.36,112.74,8.1
NVDA,DIAGONAL,BULLISH,TIME,2021-08-09,2021-08-24,15,953.32,990.07,36.76,2.6
TQQQ,NAKED_LONG,BEARISH,TIME,2021-08-23,2021-08-30,7,758.18,799.2,41.02,2.9
TQQQ,NAKED_LONG,BEARISH,TIME,2021-08-24,2021-08-30,6,743.63,799.81,56.19,4.0
SOXL,DIAGONAL,BULLISH,TIME,2021-08-17,2021-09-01,15,1120.99,1154.46,33.47,2.4
TQQQ,DIAGONAL,BULLISH,TIME,2021-08-18,2021-09-02,15,1384.41,1580.45,196.04,14.0
SOXL,DIAGONAL,BULLISH,TIME,2021-08-18,2021-09-02,15,1017.24,1163.15,145.9,10.4
NVDA,DIAGONAL,BULLISH,TIME,2021-08-18,2021-09-02,15,1224.86,1533.05,308.19,22.0
TQQQ,NAKED_LONG,BEARISH,TIME,2021-08-30,2021-09-07,8,803.5,800.77,-2.73,-0.2
SOXL,NAKED_LONG,BEARISH,TIME,2021-08-30,2021-09-07,8,1312.99,1266.81,-46.18,-3.3
SOXL,NAKED_LONG,BULLISH,TIME,2021-09-01,2021-09-07,6,1179.97,1194.93,14.97,1.1
MSFT,NAKED_LONG,BULLISH,TIME,2021-09-02,2021-09-07,5,5994.17,5968.17,-26.0,-0.4
MSFT,DIAGONAL,BULLISH,TIME,2021-09-07,2021-09-22,15,6002.7,5922.77,-79.93,-1.3
MU,DIAGONAL,BULLISH,TIME,2021-09-07,2021-09-22,15,1691.01,1515.8,-175.22,-10.4
QCOM,DIAGONAL,BULLISH,TIME,2021-09-07,2021-09-22,15,2735.65,2513.16,-222.5,-8.1
TQQQ,NAKED_LONG,BEARISH,TIME,2021-09-22,2021-09-27,5,773.12,777.08,3.96,0.3
ANET,DIAGONAL,BULLISH,TIME,2021-09-22,2021-10-07,15,1384.89,1466.41,81.52,5.8
META,DIAGONAL,BULLISH,TIME,2021-09-22,2021-10-07,15,7427.3,7175.94,-251.37,-3.4
SOXL,DIAGONAL,BULLISH,TIME,2021-09-27,2021-10-12,15,1216.2,1076.17,-140.03,-10.0
TQQQ,NAKED_LONG,BEARISH,TIME,2021-10-07,2021-10-12,5,884.19,837.11,-47.08,-3.4
SOXL,NAKED_LONG,BEARISH,TIME,2021-10-07,2021-10-12,5,1339.88,1206.99,-132.89,-9.5
NVDA,NAKED_LONG,BEARISH,TIME,2021-10-07,2021-10-12,5,1008.6,977.49,-31.12,-2.2
QCOM,NAKED_LONG,BULLISH,TIME,2021-10-08,2021-10-13,5,2402.42,2375.52,-26.9,-1.1
PLTR,NAKED_LONG,BEARISH,TIME,2021-10-12,2021-10-18,6,701.3,631.97,-69.33,-5.0
AAPL,NAKED_LONG,BULLISH,TIME,2021-10-13,2021-10-18,5,2877.57,2984.6,107.03,3.7
CRM,CREDIT_SPREAD,BULLISH,TIME,2021-10-08,2021-10-25,17,365.47,113.0,252.47,18.1
MU,NAKED_LONG,BULLISH,TIME,2021-10-18,2021-10-25,7,1395.08,1417.27,22.19,1.6
TQQQ,DIAGONAL,BULLISH,TIME,2021-10-12,2021-10-27,15,808.88,847.12,38.25,2.7
SOXL,DIAGONAL,BULLISH,TIME,2021-10-12,2021-10-27,15,1124.56,1143.35,18.78,1.3
NVDA,DIAGONAL,BULLISH,TIME,2021-10-12,2021-10-27,15,986.06,1119.92,133.86,9.6
AAPL,NAKED_LONG,BULLISH,TIME,2021-10-25,2021-11-01,7,3026.04,3009.54,-16.5,-0.5
TQQQ,NAKED_LONG,BEARISH,TIME,2021-10-26,2021-11-01,6,890.62,846.55,-44.07,-3.2
SOXL,NAKED_LONG,BULLISH,TIME,2021-10-27,2021-11-01,5,1171.01,1269.99,98.98,7.1
SHOP,NAKED_LONG,BULLISH,TIME,2021-10-27,2021-11-01,5,3130.42,3708.9,578.48,18.5
ANET,DIAGONAL,BULLISH,TIME,2021-10-18,2021-11-02,15,1073.25,1786.5,713.25,51.0
AAPL,NAKED_LONG,BULLISH,TIME,2021-11-01,2021-11-08,7,3014.76,3043.03,28.27,0.9
AMZN,NAKED_LONG,BULLISH,TIME,2021-11-01,2021-11-08,7,3522.84,3724.93,202.09,5.7
TQQQ,NAKED_LONG,BEARISH,TIME,2021-11-01,2021-11-08,7,850.69,881.81,31.12,2.2
SOXL,NAKED_LONG,BEARISH,TIME,2021-11-01,2021-11-08,7,1357.39,1750.33,392.93,28.1
TQQQ,NAKED_LONG,BEARISH,TIME,2021-11-02,2021-11-08,6,850.49,882.39,31.9,2.3
SOXL,NAKED_LONG,BEARISH,TIME,2021-11-02,2021-11-08,6,1402.0,1752.83,350.83,25.0
SOXL,NAKED_LONG,BEARISH,TIME,2021-11-08,2021-11-15,7,1767.72,1894.37,126.66,7.2
TSLA,DIAGONAL,BULLISH,TIME,2021-11-08,2021-11-23,15,10881.48,11047.99,166.51,1.5
MU,NAKED_LONG,BEARISH,TIME,2021-11-23,2021-11-29,6,1934.12,1999.71,65.6,3.4
NVDA,CREDIT_SPREAD,BULLISH,TIME,2021-11-15,2021-11-30,15,547.23,540.07,7.15,0.5
MSTR,NAKED_LONG,BEARISH,TIME,2021-11-30,2021-12-06,6,2197.99,1810.18,-387.81,-17.6
TQQQ,DIAGONAL,BULLISH,TIME,2021-11-23,2021-12-08,15,952.24,1125.9,173.66,12.4
SOXL,DIAGONAL,BULLISH,TIME,2021-11-23,2021-12-08,15,1909.42,2332.96,423.55,22.2
NVDA,DIAGONAL,BULLISH,TIME,2021-11-23,2021-12-08,15,893.89,883.69,-10.2,-0.7
QCOM,DIAGONAL,BULLISH,TIME,2021-11-24,2021-12-09,15,4508.29,3946.39,-561.9,-12.5
TQQQ,NAKED_LONG,BEARISH,TIME,2021-12-08,2021-12-13,5,1248.33,1189.57,-58.75,-4.2
GDX,DIAGONAL,BULLISH,TIME,2021-11-29,2021-12-14,15,1285.4,1166.96,-118.44,-8.5
ANET,NAKED_LONG,BEARISH,TIME,2021-12-13,2021-12-20,7,709.02,837.67,128.66,9.2
SOXL,DIAGONAL,BULLISH,TIME,2021-12-06,2021-12-21,15,1975.05,2367.29,392.25,19.9
AAPL,DIAGONAL,BEARISH,TIME,2021-12-08,2021-12-23,15,3888.93,3930.07,41.14,1.1
SOXL,DIAGONAL,BULLISH,TIME,2021-12-09,2021-12-27,18,2229.43,2688.17,458.74,20.6
NVDA,DIAGONAL,BULLISH,TIME,2021-12-09,2021-12-27,18,887.53,899.69,12.15,0.9
TQQQ,DIAGONAL,BULLISH,TIME,2021-12-14,2021-12-29,15,1099.8,1223.0,123.19,8.8
MRVL,NAKED_LONG,BEARISH,TIME,2022-01-03,2022-01-10,7,2223.34,1969.5,-253.84,-10.7
MSFT,DIAGONAL,BULLISH,TIME,2022-01-03,2022-01-18,15,7269.46,6432.71,-836.75,-11.5
SHOP,DIAGONAL,BULLISH,TIME,2022-01-03,2022-01-18,15,3588.26,3021.64,-566.61,-15.8
TQQQ,NAKED_LONG,BEARISH,TIME,2022-01-11,2022-01-18,7,2334.94,2031.44,-303.5,-12.8
AVGO,DIAGONAL,BULLISH,TIME,2022-01-18,2022-02-02,15,1215.57,1348.37,132.81,5.6
SNOW,DIAGONAL,BULLISH,TIME,2022-01-18,2022-02-02,15,7457.88,7393.33,-64.56,-0.9
VRT,DIAGONAL,BULLISH,TIME,2022-01-18,2022-02-02,15,2183.8,2091.63,-92.17,-3.9
TSLA,CREDIT_SPREAD,BULLISH,TIME,2022-02-02,2022-02-17,15,563.13,466.13,97.0,4.1
CRM,CREDIT_SPREAD,BULLISH,TIME,2022-02-02,2022-02-17,15,720.84,522.65,198.19,8.4
WDAY,CREDIT_SPREAD,BULLISH,TIME,2022-02-02,2022-02-17,15,780.48,578.6,201.88,8.5
TQQQ,DIAGONAL,BEARISH,TIME,2022-02-02,2022-02-17,15,1215.2,1021.25,-193.94,-8.2
SOXL,DIAGONAL,BEARISH,TIME,2022-02-02,2022-02-17,15,2530.74,2133.69,-397.05,-15.7
TQQQ,DIAGONAL,BULLISH,TIME,2022-02-17,2022-03-04,15,1897.54,1551.67,-345.87,-14.6
AAPL,DIAGONAL,BULLISH,TIME,2022-02-17,2022-03-04,15,3876.56,3447.09,-429.47,-11.1
GDX,DIAGONAL,BEARISH,TIME,2022-02-17,2022-03-04,15,1691.43,1623.09,-68.34,-2.9
SOXL,DIAGONAL,BULLISH,TIME,2022-02-18,2022-03-07,17,1815.14,1279.26,-535.88,-22.6
NVDA,DIAGONAL,BULLISH,TIME,2022-03-04,2022-03-21,17,2118.14,2335.01,216.88,9.1
AAPL,DIAGONAL,BULLISH,TIME,2022-03-04,2022-03-21,17,3536.63,3670.29,133.66,3.8
GDX,DIAGONAL,BEARISH,TIME,2022-03-04,2022-03-21,17,1755.74,1589.63,-166.11,-7.0
GDX,DIAGONAL,BEARISH,TIME,2022-03-07,2022-03-22,15,1807.08,1574.56,-232.52,-9.8
MU,CREDIT_SPREAD,BULLISH,TIME,2022-03-21,2022-04-05,15,1000.75,737.42,263.33,11.1
NVDA,DIAGONAL,BEARISH,TIME,2022-03-21,2022-04-05,15,1824.41,1620.64,-203.77,-8.6
AAPL,DIAGONAL,BEARISH,TIME,2022-03-22,2022-04-06,15,3967.17,3630.32,-336.85,-8.5
GDX,DIAGONAL,BULLISH,TIME,2022-04-05,2022-04-20,15,1669.27,1657.28,-11.99,-0.5
IWM,CREDIT_SPREAD,BULLISH,TIME,2022-04-05,2022-04-20,15,692.59,327.5,365.09,15.4
TQQQ,CREDIT_SPREAD,BULLISH,TIME,2022-04-06,2022-04-21,15,1162.47,816.07,346.4,14.6
NVDA,CREDIT_SPREAD,BULLISH,TIME,2022-04-06,2022-04-21,15,1068.67,722.07,346.6,14.6
NET,CREDIT_SPREAD,BULLISH,TIME,2022-04-20,2022-05-05,15,969.55,670.95,298.59,12.6
AVGO,DIAGONAL,BEARISH,TIME,2022-04-20,2022-05-05,15,1299.14,1306.62,7.48,0.3
NVDA,CREDIT_SPREAD,BULLISH,TIME,2022-04-21,2022-05-06,15,1038.46,836.68,201.78,8.5
AAPL,CREDIT_SPREAD,BULLISH,TIME,2022-04-21,2022-05-06,15,560.4,536.81,23.59,1.0
CRWD,DIAGONAL,BULLISH,TIME,2022-05-05,2022-05-20,15,5435.07,5400.91,-34.15,-0.6
NVDA,DIAGONAL,BULLISH,TIME,2022-05-06,2022-05-23,17,2280.17,2192.21,-87.96,-3.7
GOOGL,DIAGONAL,BULLISH,TIME,2022-05-06,2022-05-23,17,2948.5,2697.44,-251.06,-8.5
AVGO,DIAGONAL,BULLISH,TIME,2022-05-20,2022-06-06,17,1383.89,1321.61,-62.28,-2.6
QCOM,DIAGONAL,BEARISH,TIME,2022-05-20,2022-06-06,17,3903.65,3340.09,-563.56,-14.4
AAPL,DIAGONAL,BEARISH,TIME,2022-05-23,2022-06-07,15,4164.41,3681.17,-483.24,-11.6
MSFT,CREDIT_SPREAD,BULLISH,TIME,2022-06-06,2022-06-21,15,722.06,508.22,213.84,9.0
AMD,CREDIT_SPREAD,BULLISH,TIME,2022-06-06,2022-06-21,15,991.4,636.02,355.38,15.0
AMD,CREDIT_SPREAD,BULLISH,TIME,2022-06-07,2022-06-22,15,945.14,633.61,311.54,13.1
NVDA,DIAGONAL,BEARISH,TIME,2022-06-07,2022-06-22,15,1997.0,1543.34,-453.67,-19.1
AAPL,DIAGONAL,BEARISH,TIME,2022-06-21,2022-07-06,15,3553.24,3277.0,-276.23,-7.8
CRWD,DIAGONAL,BEARISH,TIME,2022-06-22,2022-07-07,15,6148.63,5771.85,-376.79,-6.1
GDX,CREDIT_SPREAD,BULLISH,TIME,2022-07-06,2022-07-21,15,921.43,599.79,321.64,13.6
AAPL,DIAGONAL,BEARISH,TIME,2022-07-07,2022-07-22,15,3656.51,3106.93,-549.58,-15.0
GOOGL,DIAGONAL,BEARISH,TIME,2022-07-07,2022-07-22,15,3190.38,2688.27,-502.11,-15.7
AAPL,NAKED_LONG,BULLISH,TIME,2022-07-25,2022-08-01,7,3273.29,3432.41,159.12,4.9
GOOGL,CREDIT_SPREAD,BULLISH,TIME,2022-07-22,2022-08-08,17,845.78,668.7,177.07,7.5
NVDA,NAKED_LONG,BEARISH,TIME,2022-08-01,2022-08-08,7,1945.69,1899.29,-46.4,-2.0
AMD,NAKED_LONG,BEARISH,TIME,2022-08-02,2022-08-08,6,2441.86,2489.61,47.75,2.0
GDX,DIAGONAL,BEARISH,TIME,2022-07-27,2022-08-11,15,1796.82,1608.15,-188.67,-8.0
MU,NAKED_LONG,BEARISH,TIME,2022-08-11,2022-08-16,5,1464.97,1479.82,14.85,0.6
NVDA,DIAGONAL,BULLISH,TIME,2022-08-08,2022-08-23,15,1902.68,1844.38,-58.3,-2.5
AAPL,DIAGONAL,BULLISH,TIME,2022-08-08,2022-08-23,15,3615.61,3570.3,-45.31,-1.3
AAPL,NAKED_LONG,BULLISH,TIME,2022-08-23,2022-08-29,6,3604.56,3472.91,-131.65,-3.7
MU,DIAGONAL,BULLISH,TIME,2022-08-16,2022-08-31,15,1530.93,1394.12,-136.8,-5.8
MSFT,CREDIT_SPREAD,BULLISH,TIME,2022-08-23,2022-09-07,15,724.34,333.09,391.25,16.5
ANET,NAKED_LONG,BEARISH,TIME,2022-09-07,2022-09-12,5,1955.17,1907.87,-47.31,-2.0
AAPL,DIAGONAL,BULLISH,TIME,2022-08-29,2022-09-13,15,3552.62,3419.11,-133.51,-3.8
AMD,DIAGONAL,BULLISH,TIME,2022-09-01,2022-09-16,15,2119.25,2003.28,-115.97,-4.9
AAPL,NAKED_LONG,BEARISH,TIME,2022-09-12,2022-09-19,7,3332.21,3449.03,116.83,3.5
AMAT,DIAGONAL,BULLISH,TIME,2022-09-13,2022-09-28,15,2223.51,1889.06,-334.45,-14.1
AAPL,DIAGONAL,BULLISH,TIME,2022-09-16,2022-10-03,17,3479.54,3312.12,-167.42,-4.8
AVGO,NAKED_LONG,BEARISH,TIME,2022-09-28,2022-10-03,5,1852.23,1875.8,23.56,1.0
ANET,DIAGONAL,BULLISH,TIME,2022-09-19,2022-10-04,15,1968.75,2142.89,174.13,7.3
HOOD,NAKED_LONG,BEARISH,TIME,2022-10-03,2022-10-10,7,2115.17,2241.8,126.63,5.3
VRT,DIAGONAL,BEARISH,TIME,2022-10-03,2022-10-18,15,2323.66,2202.9,-120.76,-5.1
AAPL,DIAGONAL,BEARISH,TIME,2022-10-04,2022-10-19,15,3752.85,3229.77,-523.08,-13.9
GOOGL,DIAGONAL,BULLISH,TIME,2022-10-10,2022-10-25,15,2294.9,2310.98,16.08,0.7
GOOGL,NAKED_LONG,BEARISH,TIME,2022-10-25,2022-10-31,6,2258.83,2435.03,176.2,7.4
AAPL,DIAGONAL,BEARISH,TIME,2022-10-19,2022-11-03,15,3493.6,3472.04,-21.56,-0.6
HOOD,DIAGONAL,BULLISH,TIME,2022-10-20,2022-11-04,15,2183.97,2629.47,445.5,18.8
PLTR,NAKED_LONG,BULLISH,TIME,2022-11-04,2022-11-09,5,2229.9,2248.72,18.82,0.8
AMZN,CREDIT_SPREAD,BULLISH,TIME,2022-10-31,2022-11-15,15,856.54,755.29,101.25,4.3
AAPL,CREDIT_SPREAD,BULLISH,TIME,2022-11-03,2022-11-18,15,872.11,806.23,65.87,2.8
VRT,NAKED_LONG,BULLISH,TIME,2022-11-15,2022-11-21,6,2371.37,2105.88,-265.49,-11.2
ANET,CREDIT_SPREAD,BULLISH,TIME,2022-11-09,2022-11-25,16,1007.87,758.5,249.36,10.5
GDX,CREDIT_SPREAD,BULLISH,TIME,2022-11-15,2022-11-30,15,1018.75,884.95,133.8,5.6
SHOP,NAKED_LONG,BEARISH,TIME,2022-11-25,2022-11-30,5,1324.93,1547.68,222.75,9.4
NVDA,CREDIT_SPREAD,BULLISH,TIME,2022-11-18,2022-12-05,17,1063.17,952.09,111.08,4.7
NVDA,CREDIT_SPREAD,BULLISH,TIME,2022-11-28,2022-12-13,15,1058.64,914.12,144.51,6.1
ZS,CREDIT_SPREAD,BULLISH,TIME,2022-11-30,2022-12-15,15,1029.1,714.26,314.83,13.3
AMD,DIAGONAL,BEARISH,TIME,2022-11-30,2022-12-15,15,2633.69,1635.25,-998.44,-37.9
NVDA,NAKED_LONG,BEARISH,TIME,2022-12-13,2022-12-19,6,2003.41,1795.47,-207.93,-8.8
NVDA,CREDIT_SPREAD,BULLISH,TIME,2022-12-05,2022-12-20,15,1062.08,773.98,288.11,12.1
NVDA,NAKED_LONG,BULLISH,TIME,2022-12-19,2022-12-27,8,2179.58,1996.87,-182.71,-7.7
NVDA,NAKED_LONG,BULLISH,TIME,2022-12-20,2022-12-27,7,2158.98,1999.85,-159.13,-6.7
MSFT,DIAGONAL,BULLISH,TIME,2023-01-03,2023-01-18,15,5413.05,5269.08,-143.97,-2.7
AMD,DIAGONAL,BULLISH,TIME,2023-01-03,2023-01-18,15,1649.78,1738.9,89.12,5.4
ANET,DIAGONAL,BULLISH,TIME,2023-01-03,2023-01-18,15,1404.86,1346.09,-58.77,-3.8
LABU,DIAGONAL,BULLISH,TIME,2023-01-18,2023-02-02,15,5590.01,5774.89,184.87,3.3
GOOGL,DIAGONAL,BULLISH,TIME,2023-01-18,2023-02-02,15,2086.97,2607.47,520.5,24.9
TQQQ,NAKED_LONG,BEARISH,TIME,2023-02-02,2023-02-07,5,1237.28,1219.87,-17.41,-1.1
SOXL,NAKED_LONG,BEARISH,TIME,2023-02-02,2023-02-07,5,1459.37,1413.66,-45.71,-3.0
LABU,NAKED_LONG,BEARISH,TIME,2023-02-02,2023-02-07,5,6164.07,5711.38,-452.69,-7.3
SHOP,NAKED_LONG,BULLISH,TIME,2023-02-07,2023-02-13,6,1583.3,1495.73,-87.56,-5.5
AVGO,NAKED_LONG,BEARISH,TIME,2023-02-07,2023-02-13,6,1081.89,1084.25,2.36,0.2
DASH,NAKED_LONG,BEARISH,TIME,2023-02-07,2023-02-13,6,1744.67,1763.87,19.2,1.1
CRDO,NAKED_LONG,BEARISH,PROFIT,2023-02-13,2023-02-15,2,1386.97,2303.73,916.76,59.6
HOOD,NAKED_LONG,BULLISH,TIME,2023-02-13,2023-02-21,8,1303.13,1306.15,3.01,0.2
AMZN,CREDIT_SPREAD,BULLISH,TIME,2023-02-07,2023-02-22,15,509.29,376.5,132.79,8.6
COIN,CREDIT_SPREAD,BULLISH,TIME,2023-02-07,2023-02-22,15,770.69,601.66,169.03,11.0
TSLA,CREDIT_SPREAD,BULLISH,TIME,2023-02-13,2023-02-28,15,356.16,290.35,65.82,4.3
COIN,CREDIT_SPREAD,BULLISH,TIME,2023-02-13,2023-02-28,15,743.97,754.33,-10.37,-0.7
CRDO,DIAGONAL,BULLISH,TIME,2023-02-15,2023-03-02,15,1186.37,1235.29,48.92,3.2
MU,NAKED_LONG,BULLISH,TIME,2023-03-02,2023-03-07,5,1312.98,1270.13,-42.85,-2.8
TQQQ,DIAGONAL,BULLISH,TIME,2023-02-21,2023-03-08,15,1431.2,1232.2,-199.0,-12.9
SOXL,DIAGONAL,BULLISH,TIME,2023-02-22,2023-03-09,15,1034.35,945.08,-89.27,-5.8
GOOGL,DIAGONAL,BULLISH,TIME,2023-02-22,2023-03-09,15,2532.41,2073.82,-458.59,-18.1
SOXL,NAKED_LONG,BULLISH,TIME,2023-03-07,2023-03-13,6,1466.48,1375.08,-91.4,-5.9
ANET,NAKED_LONG,BEARISH,TIME,2023-03-09,2023-03-14,5,1512.76,1581.8,69.04,4.5
MU,DIAGONAL,BULLISH,TIME,2023-02-28,2023-03-15,15,1405.64,1194.37,-211.27,-13.7
PLTR,DIAGONAL,BULLISH,TIME,2023-02-28,2023-03-15,15,1503.65,1168.67,-334.98,-21.8
PLTR,CREDIT_SPREAD,BULLISH,TIME,2023-03-08,2023-03-23,15,754.91,508.5,246.41,16.0
TQQQ,DIAGONAL,BULLISH,TIME,2023-03-10,2023-03-27,17,1466.17,1709.21,243.05,15.8
SOXL,DIAGONAL,BULLISH,TIME,2023-03-13,2023-03-28,15,1392.57,1492.91,100.34,6.5
VRT,DIAGONAL,BULLISH,TIME,2023-03-14,2023-03-29,15,1531.17,1396.38,-134.78,-8.8
VRT,DIAGONAL,BULLISH,TIME,2023-03-15,2023-03-30,15,1469.32,1406.55,-62.77,-4.1
SOXL,NAKED_LONG,BULLISH,TIME,2023-03-27,2023-04-03,7,1050.89,1204.14,153.24,10.0
TQQQ,NAKED_LONG,BULLISH,TIME,2023-03-28,2023-04-03,6,1389.65,1557.64,167.99,10.9
ANET,NAKED_LONG,BULLISH,TIME,2023-03-29,2023-04-03,5,969.88,992.95,23.08,1.5
ANET,NAKED_LONG,BULLISH,TIME,2023-03-30,2023-04-04,5,964.25,989.02,24.76,1.6
COIN,DIAGONAL,BULLISH,TIME,2023-03-23,2023-04-10,18,2674.41,2505.58,-168.83,-6.3
NVDA,NAKED_LONG,BEARISH,TIME,2023-04-03,2023-04-10,7,1194.39,1119.63,-74.75,-4.9
TQQQ,NAKED_LONG,BULLISH,TIME,2023-04-04,2023-04-10,6,1531.46,1428.62,-102.83,-6.7
MU,CREDIT_SPREAD,BULLISH,TIME,2023-04-03,2023-04-18,15,544.91,488.44,56.48,3.7
MRVL,DIAGONAL,BULLISH,TIME,2023-04-03,2023-04-18,15,1191.56,1044.04,-147.53,-9.6
GOOGL,NAKED_LONG,BULLISH,TIME,2023-04-18,2023-04-24,6,2437.59,2403.92,-33.67,-1.4
TQQQ,NAKED_LONG,BEARISH,TIME,2023-04-18,2023-04-24,6,1323.73,1199.65,-124.08,-8.1
TSLA,DIAGONAL,BULLISH,TIME,2023-04-10,2023-04-25,15,5129.02,4356.11,-772.9,-15.1
SOXL,NAKED_LONG,BULLISH,TIME,2023-04-24,2023-05-01,7,1242.8,1232.7,-10.1,-0.7
GOOGL,NAKED_LONG,BEARISH,TIME,2023-04-24,2023-05-01,7,2073.48,2087.61,14.14,0.7
TQQQ,NAKED_LONG,BULLISH,TIME,2023-04-25,2023-05-01,6,1269.36,1417.14,147.79,9.6
SOXL,NAKED_LONG,BULLISH,TIME,2023-04-25,2023-05-01,6,1193.56,1234.58,41.01,2.7
NVDA,NAKED_LONG,BULLISH,TIME,2023-04-25,2023-05-01,6,1204.83,1352.58,147.75,9.6
GOOGL,NAKED_LONG,BULLISH,TIME,2023-05-01,2023-05-08,7,2440.38,2414.05,-26.33,-1.1
AMZN,NAKED_LONG,BULLISH,TIME,2023-05-01,2023-05-08,7,2541.19,2592.24,51.05,2.0
COIN,NAKED_LONG,BULLISH,TIME,2023-05-01,2023-05-08,7,1488.02,1997.0,508.98,33.1
SOXL,NAKED_LONG,BEARISH,TIME,2023-05-01,2023-05-08,7,1231.95,1199.39,-32.56,-2.1
GDX,NAKED_LONG,BULLISH,TIME,2023-05-08,2023-05-15,7,778.51,742.25,-36.26,-2.4
TQQQ,NAKED_LONG,BEARISH,TIME,2023-05-08,2023-05-15,7,1434.55,1406.1,-28.45,-1.9
SOXL,NAKED_LONG,BEARISH,TIME,2023-05-08,2023-05-15,7,1210.06,1317.87,107.81,7.0
NVDA,NAKED_LONG,BEARISH,TIME,2023-05-08,2023-05-15,7,1251.24,1238.14,-13.11,-0.9
AVGO,NAKED_LONG,BULLISH,TIME,2023-05-09,2023-05-15,6,1348.56,1387.7,39.14,2.5
AAPL,NAKED_LONG,BULLISH,TIME,2023-05-15,2023-05-22,7,3805.27,3831.64,26.37,0.7
AVGO,NAKED_LONG,BEARISH,TIME,2023-05-15,2023-05-22,7,1171.01,1289.82,118.81,7.7
SHOP,CREDIT_SPREAD,BULLISH,TIME,2023-05-10,2023-05-25,15,728.69,588.32,140.37,9.1
NVDA,NAKED_LONG,BULLISH,PROFIT,2023-05-22,2023-05-25,3,1518.91,2573.02,1054.11,68.6
MRVL,NAKED_LONG,BEARISH,PROFIT,2023-05-22,2023-05-26,4,1039.91,2662.71,1622.8,105.5
ANET,CREDIT_SPREAD,BULLISH,TIME,2023-05-15,2023-05-30,15,673.22,795.99,-122.77,-8.0
AMZN,NAKED_LONG,BULLISH,TIME,2023-05-22,2023-05-30,8,2797.38,2750.15,-47.23,-1.7
TQQQ,NAKED_LONG,BEARISH,TIME,2023-05-26,2023-05-31,5,1338.09,1310.0,-28.09,-1.8
SOXL,NAKED_LONG,BEARISH,TIME,2023-05-26,2023-05-31,5,947.49,898.7,-48.8,-3.2
TQQQ,NAKED_LONG,BEARISH,TIME,2023-05-30,2023-06-05,6,1353.32,1327.18,-26.15,-1.7
GOOGL,NAKED_LONG,BULLISH,TIME,2023-05-31,2023-06-05,5,2794.31,2844.43,50.12,1.8
COIN,DIAGONAL,BULLISH,TIME,2023-05-25,2023-06-09,15,2043.08,1784.12,-258.96,-12.7
MSTR,DIAGONAL,BULLISH,TIME,2023-05-25,2023-06-09,15,947.99,810.01,-137.98,-9.0
NVDA,DIAGONAL,BEARISH,TIME,2023-05-30,2023-06-14,15,1494.36,1520.3,25.94,1.7
SOXL,CREDIT_SPREAD,BULLISH,TIME,2023-05-31,2023-06-15,15,771.12,831.24,-60.12,-3.9
SOXL,CREDIT_SPREAD,BULLISH,TIME,2023-06-05,2023-06-20,15,764.33,787.01,-22.68,-1.5
NVDA,CREDIT_SPREAD,BULLISH,TIME,2023-06-05,2023-06-20,15,678.82,662.69,16.13,1.0
GDX,NAKED_LONG,BULLISH,TIME,2023-06-14,2023-06-20,6,1356.12,1334.09,-22.02,-1.4
COHR,CREDIT_SPREAD,BULLISH,TIME,2023-06-09,2023-06-26,17,633.86,722.44,-88.58,-5.8
CIEN,CREDIT_SPREAD,BULLISH,TIME,2023-06-09,2023-06-26,17,622.92,497.63,125.29,8.1
TQQQ,NAKED_LONG,BULLISH,TIME,2023-06-20,2023-06-26,6,1070.93,986.25,-84.68,-5.5
AMAT,DIAGONAL,BULLISH,TIME,2023-06-15,2023-06-30,15,3396.64,3185.03,-211.61,-6.2
TQQQ,NAKED_LONG,BULLISH,TIME,2023-06-26,2023-07-03,7,1491.82,1583.94,92.12,6.0
HOOD,NAKED_LONG,BEARISH,TIME,2023-06-26,2023-07-03,7,1402.01,1689.79,287.78,18.7
SOXL,DIAGONAL,BULLISH,TIME,2023-06-20,2023-07-05,15,947.13,727.45,-219.68,-14.3
NVDA,DIAGONAL,BEARISH,TIME,2023-06-20,2023-07-05,15,1679.66,939.65,-740.0,-44.1
MU,NAKED_LONG,BULLISH,TIME,2023-06-30,2023-07-05,5,1429.63,1410.85,-18.78,-1.2
CRDO,NAKED_LONG,BULLISH,TIME,2023-07-03,2023-07-10,7,1241.87,1202.38,-39.5,-2.6
AAPL,NAKED_LONG,BULLISH,TIME,2023-07-05,2023-07-10,5,4168.8,4097.88,-70.92,-1.7
ANET,NAKED_LONG,BULLISH,TIME,2023-07-05,2023-07-10,5,986.48,948.72,-37.76,-2.5
NVDA,DIAGONAL,BULLISH,TIME,2023-06-26,2023-07-11,15,1079.33,1003.12,-76.21,-5.0
AAPL,NAKED_LONG,BULLISH,TIME,2023-07-10,2023-07-17,7,4108.91,4210.53,101.62,2.5
QCOM,NAKED_LONG,BEARISH,TIME,2023-07-10,2023-07-17,7,2273.87,2392.84,118.96,5.2
TQQQ,NAKED_LONG,BEARISH,TIME,2023-07-11,2023-07-17,6,1426.78,1585.56,158.78,10.3
CIEN,DIAGONAL,BULLISH,TIME,2023-07-03,2023-07-18,15,1156.13,952.65,-203.48,-13.2
MSTR,NAKED_LONG,BULLISH,TIME,2023-07-17,2023-07-24,7,1404.98,1319.49,-85.49,-5.6
VRT,NAKED_LONG,BULLISH,TIME,2023-07-17,2023-07-24,7,1216.8,1181.44,-35.37,-2.3
CRDO,NAKED_LONG,BULLISH,TIME,2023-07-17,2023-07-24,7,1207.28,1154.39,-52.9,-3.4
AAPL,NAKED_LONG,BEARISH,TIME,2023-07-17,2023-07-24,7,3334.28,3318.58,-15.7,-0.5
GOOGL,NAKED_LONG,BULLISH,TIME,2023-07-18,2023-07-24,6,2833.96,2768.77,-65.2,-2.3
META,NAKED_LONG,BULLISH,TIME,2023-07-24,2023-07-31,7,6921.14,7613.04,691.9,10.0
PLTR,NAKED_LONG,BULLISH,TIME,2023-07-24,2023-07-31,7,1314.55,1797.4,482.85,31.4
AVGO,NAKED_LONG,BEARISH,TIME,2023-07-24,2023-07-31,7,1632.51,1634.85,2.34,0.1
TQQQ,NAKED_LONG,BEARISH,TIME,2023-07-31,2023-08-07,7,1048.71,1051.19,2.48,0.2
SOXL,NAKED_LONG,BEARISH,TIME,2023-07-31,2023-08-07,7,959.87,896.58,-63.29,-4.1
AAPL,NAKED_LONG,BEARISH,TIME,2023-07-31,2023-08-07,7,3320.98,3285.4,-35.58,-1.1
NVDA,NAKED_LONG,BULLISH,TIME,2023-08-01,2023-08-07,6,1088.71,1094.01,5.31,0.3
SOXL,NAKED_LONG,BEARISH,TIME,2023-08-01,2023-08-07,6,961.19,898.06,-63.13,-4.1
MRVL,NAKED_LONG,BEARISH,TIME,2023-08-01,2023-08-07,6,1340.74,1371.98,31.24,2.0
AAPL,DIAGONAL,BULLISH,TIME,2023-08-07,2023-08-22,15,4001.09,3885.02,-116.08,-2.9
TSLA,DIAGONAL,BULLISH,TIME,2023-08-07,2023-08-22,15,6859.72,5809.48,-1050.24,-15.3
AAPL,NAKED_LONG,BEARISH,TIME,2023-08-22,2023-08-28,6,3239.74,3415.98,176.25,5.4
GOOGL,NAKED_LONG,BEARISH,TIME,2023-08-22,2023-08-28,6,2553.57,2404.0,-149.57,-5.9
TQQQ,NAKED_LONG,BEARISH,TIME,2023-08-28,2023-09-05,8,1502.08,1619.98,117.9,7.7
SOXL,NAKED_LONG,BEARISH,TIME,2023-08-28,2023-09-05,8,780.35,833.28,52.93,3.4
TQQQ,NAKED_LONG,BEARISH,TIME,2023-08-29,2023-09-05,7,1128.85,1081.25,-47.6,-3.1
IWM,DIAGONAL,BULLISH,TIME,2023-08-22,2023-09-06,15,3927.68,3949.85,22.18,0.6
COIN,NAKED_LONG,BULLISH,TIME,2023-09-05,2023-09-11,6,2366.94,2434.32,67.38,2.8
SOXL,NAKED_LONG,BULLISH,TIME,2023-09-06,2023-09-11,5,785.25,696.71,-88.54,-5.8
AMZN,NAKED_LONG,BULLISH,TIME,2023-09-06,2023-09-11,5,3022.86,3229.78,206.92,6.8
MRVL,DIAGONAL,BULLISH,TIME,2023-08-28,2023-09-12,15,1536.77,1409.56,-127.21,-8.3
SOXL,NAKED_LONG,BULLISH,TIME,2023-09-11,2023-09-18,7,1405.43,1256.37,-149.06,-9.7
TQQQ,NAKED_LONG,BEARISH,TIME,2023-09-11,2023-09-18,7,1074.3,1012.61,-61.68,-4.0
SOXL,NAKED_LONG,BULLISH,TIME,2023-09-12,2023-09-18,6,1320.51,1258.52,-61.99,-4.0
NVDA,NAKED_LONG,BULLISH,TIME,2023-09-12,2023-09-18,6,1130.0,1117.95,-12.05,-0.8
AVGO,CREDIT_SPREAD,BULLISH,TIME,2023-09-05,2023-09-20,15,497.45,314.87,182.58,11.9
MSFT,NAKED_LONG,BULLISH,TIME,2023-09-18,2023-09-25,7,7189.75,6889.71,-300.04,-4.2
NVDA,DIAGONAL,BULLISH,TIME,2023-09-11,2023-09-26,15,1214.42,964.95,-249.47,-16.2
TQQQ,NAKED_LONG,BEARISH,TIME,2023-09-25,2023-10-02,7,1319.03,1273.22,-45.81,-3.0
SOXL,NAKED_LONG,BEARISH,TIME,2023-09-25,2023-10-02,7,1049.19,1059.04,9.85,0.6
TQQQ,DIAGONAL,BULLISH,TIME,2023-09-20,2023-10-05,15,1535.01,1356.65,-178.35,-11.6
TQQQ,NAKED_LONG,BEARISH,TIME,2023-10-02,2023-10-09,7,1281.46,1440.23,158.77,10.3
HOOD,DIAGONAL,BULLISH,TIME,2023-09-25,2023-10-10,15,1357.53,1350.88,-6.64,-0.4
GDX,DIAGONAL,BULLISH,TIME,2023-09-25,2023-10-10,15,1240.26,1223.52,-16.74,-1.1
MU,DIAGONAL,BULLISH,TIME,2023-09-26,2023-10-11,15,1526.14,1599.97,73.83,4.8
TQQQ,NAKED_LONG,BEARISH,TIME,2023-10-09,2023-10-16,7,1451.64,1456.94,5.3,0.3
NET,DIAGONAL,BULLISH,TIME,2023-10-02,2023-10-17,15,1671.32,1802.45,131.13,7.8
COHR,DIAGONAL,BULLISH,TIME,2023-10-05,2023-10-20,15,803.84,795.45,-8.38,-0.5
MU,DIAGONAL,BULLISH,TIME,2023-10-10,2023-10-25,15,1616.8,1503.55,-113.25,-7.0
MSTR,DIAGONAL,BULLISH,TIME,2023-10-10,2023-10-25,15,858.07,1244.93,386.85,25.2
APP,DIAGONAL,BULLISH,TIME,2023-10-11,2023-10-26,15,1100.99,874.64,-226.35,-14.7
MSTR,NAKED_LONG,BEARISH,TIME,2023-10-25,2023-10-30,5,1275.93,1277.1,1.17,0.1
MU,DIAGONAL,BULLISH,TIME,2023-10-16,2023-10-31,15,1601.39,1471.5,-129.89,-8.1
TQQQ,DIAGONAL,BULLISH,TIME,2023-10-18,2023-11-02,15,1473.3,1500.59,27.28,1.8
TQQQ,DIAGONAL,BULLISH,TIME,2023-10-20,2023-11-06,17,1360.98,1550.89,189.91,12.4
TQQQ,NAKED_LONG,BEARISH,TIME,2023-11-02,2023-11-07,5,1527.75,1620.02,92.27,6.0
GDX,DIAGONAL,BULLISH,TIME,2023-10-25,2023-11-09,15,1295.69,1233.6,-62.08,-4.0
TQQQ,DIAGONAL,BULLISH,TIME,2023-10-26,2023-11-10,15,1304.77,1705.16,400.39,26.0
PLTR,DIAGONAL,BULLISH,PROFIT,2023-10-30,2023-11-10,11,1277.2,1977.42,700.22,45.5
TQQQ,NAKED_LONG,BEARISH,TIME,2023-11-06,2023-11-13,7,1051.26,1133.05,81.78,5.3
MRVL,NAKED_LONG,BULLISH,TIME,2023-11-07,2023-11-13,6,1220.97,1280.16,59.19,3.8
GDX,DIAGONAL,BULLISH,TIME,2023-10-31,2023-11-15,15,1266.01,1262.8,-3.22,-0.2
GDX,NAKED_LONG,BULLISH,TIME,2023-11-10,2023-11-15,5,1206.51,1274.96,68.45,4.5
GDX,NAKED_LONG,BULLISH,TIME,2023-11-13,2023-11-20,7,1197.14,1291.19,94.05,6.1
NVDA,NAKED_LONG,BEARISH,TIME,2023-11-13,2023-11-20,7,1156.37,1067.43,-88.94,-5.8
TQQQ,NAKED_LONG,BEARISH,TIME,2023-11-15,2023-11-20,5,1226.48,1211.44,-15.04,-1.0
SOXL,NAKED_LONG,BEARISH,TIME,2023-11-15,2023-11-20,5,843.49,854.63,11.14,0.7
PLTR,CREDIT_SPREAD,BULLISH,TIME,2023-11-09,2023-11-24,15,730.28,666.86,63.42,4.1
HOOD,DIAGONAL,BULLISH,TIME,2023-11-10,2023-11-27,17,1290.25,1256.3,-33.95,-2.2
TQQQ,NAKED_LONG,BEARISH,TIME,2023-11-20,2023-11-27,7,1219.06,995.47,-223.59,-14.5
SOXL,NAKED_LONG,BEARISH,TIME,2023-11-20,2023-11-27,7,861.6,715.67,-145.93,-9.5
AMZN,NAKED_LONG,BEARISH,TIME,2023-11-20,2023-11-27,7,3329.69,2787.03,-542.66,-16.3
NVDA,NAKED_LONG,BULLISH,TIME,2023-11-24,2023-11-29,5,1101.87,1104.28,2.41,0.2
TQQQ,NAKED_LONG,BULLISH,TIME,2023-11-27,2023-12-04,7,1079.88,1025.2,-54.68,-3.6
AAPL,NAKED_LONG,BULLISH,TIME,2023-11-27,2023-12-04,7,4145.43,4118.4,-27.03,-0.7
SOXL,NAKED_LONG,BULLISH,TIME,2023-11-28,2023-12-04,6,1377.53,1301.95,-75.58,-4.9
CLS,CREDIT_SPREAD,BULLISH,TIME,2023-11-21,2023-12-06,15,647.78,383.79,263.99,17.2
NVDA,NAKED_LONG,BULLISH,TIME,2023-12-04,2023-12-11,7,1043.76,1075.47,31.71,2.1
GOOGL,NAKED_LONG,BULLISH,TIME,2023-12-04,2023-12-11,7,2848.97,3007.95,158.98,5.6
QCOM,NAKED_LONG,BEARISH,TIME,2023-12-04,2023-12-11,7,2240.43,2340.02,99.59,4.4
SOXL,NAKED_LONG,BULLISH,TIME,2023-12-06,2023-12-11,5,1275.94,1548.94,273.0,17.8
SHOP,CREDIT_SPREAD,BULLISH,TIME,2023-11-29,2023-12-14,15,681.12,387.8,293.32,19.1
GOOGL,NAKED_LONG,BULLISH,TIME,2023-12-11,2023-12-18,7,3024.91,3065.23,40.31,1.3
TQQQ,NAKED_LONG,BEARISH,TIME,2023-12-11,2023-12-18,7,1431.95,1488.42,56.48,3.7
VRT,NAKED_LONG,BULLISH,TIME,2023-12-14,2023-12-19,5,1163.17,1199.97,36.8,2.4
LABU,DIAGONAL,BULLISH,PROFIT,2023-12-11,2023-12-22,11,2894.01,4179.24,1285.23,44.4
GDX,DIAGONAL,BULLISH,TIME,2023-12-11,2023-12-26,15,1353.9,1489.33,135.43,8.8
AAPL,NAKED_LONG,BULLISH,TIME,2023-12-18,2023-12-26,8,4275.28,4196.29,-78.99,-1.8
PLTR,NAKED_LONG,BULLISH,TIME,2023-12-18,2023-12-26,8,1514.89,1418.08,-96.81,-6.3
TQQQ,NAKED_LONG,BEARISH,TIME,2023-12-19,2023-12-26,7,1484.8,1597.68,112.87,7.3
AAPL,NAKED_LONG,BULLISH,TIME,2023-12-22,2023-12-27,5,4225.93,4205.05,-20.88,-0.5
MSTR,NAKED_LONG,BEARISH,TIME,2024-01-02,2024-01-08,6,2180.68,2050.18,-130.5,-5.9
TQQQ,DIAGONAL,BULLISH,TIME,2024-01-02,2024-01-17,15,1798.94,1786.71,-12.23,-0.6
SOXL,DIAGONAL,BULLISH,TIME,2024-01-02,2024-01-17,15,1915.43,1790.28,-125.15,-5.7
NVDA,DIAGONAL,BULLISH,TIME,2024-01-02,2024-01-17,15,1137.71,1313.09,175.39,7.9
TQQQ,DIAGONAL,BULLISH,TIME,2024-01-03,2024-01-18,15,1746.67,1889.85,143.18,6.5
MSTR,DIAGONAL,BULLISH,TIME,2024-01-08,2024-01-23,15,2011.29,1489.84,-521.45,-23.6
TQQQ,DIAGONAL,BULLISH,TIME,2024-01-17,2024-02-01,15,1855.56,2022.93,167.36,7.6
LABU,DIAGONAL,BULLISH,TIME,2024-01-17,2024-02-01,15,4451.33,3789.82,-661.52,-14.9
LABU,DIAGONAL,BULLISH,TIME,2024-01-18,2024-02-02,15,4251.37,3650.79,-600.58,-14.1
TQQQ,NAKED_LONG,BEARISH,TIME,2024-02-02,2024-02-07,5,2061.9,2035.84,-26.07,-1.2
SOXL,NAKED_LONG,BEARISH,TIME,2024-02-02,2024-02-07,5,1110.57,1138.75,28.17,1.3
AAPL,NAKED_LONG,BEARISH,TIME,2024-02-07,2024-02-12,5,3377.75,3358.32,-19.43,-0.6
MU,DIAGONAL,BULLISH,TIME,2024-02-01,2024-02-16,15,1985.88,1802.27,-183.61,-8.3
MRVL,DIAGONAL,BULLISH,TIME,2024-02-01,2024-02-16,15,1731.02,1565.26,-165.76,-7.5
SHOP,DIAGONAL,BULLISH,TIME,2024-02-01,2024-02-16,15,1887.77,2497.33,609.56,27.6
LABU,NAKED_LONG,BEARISH,TIME,2024-02-12,2024-02-20,8,4373.7,4872.36,498.67,11.4
SOXL,DIAGONAL,BULLISH,TIME,2024-02-16,2024-03-04,17,1166.22,1634.11,467.89,21.2
NVDA,DIAGONAL,BULLISH,TIME,2024-02-16,2024-03-04,17,1750.35,2470.62,720.26,32.6
APP,DIAGONAL,BEARISH,TIME,2024-02-16,2024-03-04,17,2529.87,2206.31,-323.56,-12.8
TQQQ,DIAGONAL,BULLISH,TIME,2024-02-20,2024-03-06,15,2184.51,2340.42,155.91,7.1
SOXL,DIAGONAL,BULLISH,TIME,2024-02-20,2024-03-06,15,1128.83,1695.5,566.67,25.7
AAPL,NAKED_LONG,BULLISH,TIME,2024-03-04,2024-03-11,7,3832.86,3778.06,-54.8,-1.4
GOOGL,DIAGONAL,BULLISH,TIME,2024-03-04,2024-03-19,15,3074.17,3390.19,316.02,10.3
GDX,DIAGONAL,BEARISH,TIME,2024-03-06,2024-03-21,15,1988.66,1816.19,-172.47,-7.8
COHR,DIAGONAL,BULLISH,TIME,2024-03-07,2024-03-22,15,1713.66,1626.49,-87.17,-3.9
TQQQ,DIAGONAL,BEARISH,TIME,2024-03-07,2024-03-22,15,1742.86,1493.15,-249.72,-11.3
TQQQ,DIAGONAL,BULLISH,TIME,2024-03-11,2024-03-26,15,1640.93,1547.47,-93.46,-4.2
SHOP,NAKED_LONG,BULLISH,TIME,2024-03-22,2024-03-27,5,1839.68,1814.1,-25.58,-1.2
SOXL,DIAGONAL,BULLISH,TIME,2024-03-19,2024-04-03,15,1606.67,1521.12,-85.54,-3.9
TQQQ,DIAGONAL,BEARISH,TIME,2024-03-19,2024-04-03,15,1682.23,1330.09,-352.14,-16.0
AMD,CREDIT_SPREAD,BULLISH,TIME,2024-03-21,2024-04-05,15,886.69,636.94,249.75,11.3
LABU,CREDIT_SPREAD,BULLISH,TIME,2024-03-22,2024-04-08,17,1012.22,682.0,330.22,15.0
TQQQ,CREDIT_SPREAD,BULLISH,TIME,2024-03-26,2024-04-10,15,854.42,529.8,324.62,14.7
NVDA,DIAGONAL,BULLISH,TIME,2024-03-27,2024-04-11,15,2431.54,2122.44,-309.1,-12.7
TQQQ,NAKED_LONG,BEARISH,TIME,2024-04-08,2024-04-15,7,1965.08,1966.75,1.67,0.1
NVDA,DIAGONAL,BULLISH,TIME,2024-04-03,2024-04-18,15,2347.38,2023.04,-324.34,-13.8
MU,DIAGONAL,BULLISH,TIME,2024-04-05,2024-04-22,17,3683.02,2858.47,-824.55,-22.4
AVGO,DIAGONAL,BULLISH,TIME,2024-04-10,2024-04-25,15,3131.29,3075.46,-55.82,-1.8
SHOP,DIAGONAL,BULLISH,TIME,2024-04-11,2024-04-26,15,1685.08,1658.67,-26.41,-1.2
TQQQ,DIAGONAL,BULLISH,TIME,2024-04-15,2024-04-30,15,2155.73,2157.62,1.89,0.1
TQQQ,DIAGONAL,BULLISH,TIME,2024-04-18,2024-05-03,15,2005.78,2362.4,356.62,16.2
ANET,DIAGONAL,BULLISH,TIME,2024-04-22,2024-05-07,15,1640.51,1794.29,153.78,7.0
LABU,DIAGONAL,BULLISH,TIME,2024-04-25,2024-05-10,15,2660.83,3105.36,444.53,16.7
SOXL,DIAGONAL,BEARISH,TIME,2024-04-26,2024-05-13,17,1617.64,1526.61,-91.03,-4.1
TQQQ,DIAGONAL,BULLISH,TIME,2024-05-01,2024-05-16,15,2200.04,2464.59,264.56,12.0
DASH,DIAGONAL,BULLISH,TIME,2024-05-03,2024-05-20,17,3033.8,2963.97,-69.83,-2.3
NET,CREDIT_SPREAD,BULLISH,TIME,2024-05-07,2024-05-22,15,939.55,801.23,138.32,6.3
LABU,DIAGONAL,BULLISH,TIME,2024-05-10,2024-05-28,18,3232.16,3149.7,-82.47,-2.6
AMD,CREDIT_SPREAD,BULLISH,TIME,2024-05-13,2024-05-28,15,739.14,652.48,86.66,3.9
TQQQ,DIAGONAL,BULLISH,TIME,2024-05-17,2024-06-03,17,1616.53,1413.19,-203.34,-9.2
ANET,DIAGONAL,BULLISH,TIME,2024-05-20,2024-06-04,15,2045.79,1822.88,-222.91,-10.1
AVGO,DIAGONAL,BULLISH,TIME,2024-05-22,2024-06-06,15,3412.38,3251.73,-160.65,-4.7
SOXL,NAKED_LONG,BULLISH,TIME,2024-06-03,2024-06-10,7,1381.43,1637.97,256.54,11.6
SOXL,NAKED_LONG,BULLISH,TIME,2024-06-04,2024-06-10,6,1335.75,1640.68,304.93,13.8
SNOW,NAKED_LONG,BULLISH,TIME,2024-06-06,2024-06-11,5,3185.1,3088.03,-97.07,-3.0
NOW,CREDIT_SPREAD,BULLISH,TIME,2024-05-28,2024-06-12,15,572.35,605.77,-33.42,-1.5
WDAY,CREDIT_SPREAD,BULLISH,TIME,2024-05-28,2024-06-12,15,757.49,622.22,135.27,6.1
TSLA,NAKED_LONG,BULLISH,TIME,2024-06-10,2024-06-17,7,4292.46,4789.95,497.49,11.6
TSLA,NAKED_LONG,BULLISH,TIME,2024-06-11,2024-06-17,6,4213.72,4796.0,582.28,13.8
APP,NAKED_LONG,BULLISH,TIME,2024-06-12,2024-06-17,5,1817.67,1875.11,57.43,2.6
AMD,NAKED_LONG,BULLISH,TIME,2024-06-17,2024-06-24,7,3837.14,3924.49,87.35,2.3
TQQQ,NAKED_LONG,BEARISH,TIME,2024-06-17,2024-06-24,7,1594.72,1567.28,-27.45,-1.2
CRM,CREDIT_SPREAD,BULLISH,TIME,2024-06-12,2024-06-27,15,900.57,850.15,50.42,2.3
TQQQ,NAKED_LONG,BULLISH,TIME,2024-06-24,2024-07-01,7,1733.09,1765.24,32.15,1.5
VRT,DIAGONAL,BULLISH,TIME,2024-06-17,2024-07-02,15,2627.85,2567.92,-59.93,-2.3
CRDO,CREDIT_SPREAD,BULLISH,TIME,2024-06-17,2024-07-02,15,1072.05,811.92,260.14,11.8
MSTR,NAKED_LONG,BULLISH,TIME,2024-07-02,2024-07-08,6,4129.29,3939.76,-189.53,-4.6
SOXL,DIAGONAL,BULLISH,TIME,2024-06-24,2024-07-09,15,1800.51,1911.85,111.34,5.0
NVDA,DIAGONAL,BULLISH,TIME,2024-06-24,2024-07-09,15,3333.33,3456.72,123.39,3.7
SOXL,DIAGONAL,BULLISH,TIME,2024-06-27,2024-07-12,15,1769.12,2011.38,242.26,11.0
APP,NAKED_LONG,BULLISH,TIME,2024-07-08,2024-07-15,7,2110.52,2157.23,46.71,2.1
GOOGL,NAKED_LONG,BULLISH,TIME,2024-07-09,2024-07-15,6,4175.92,4138.1,-37.82,-0.9
SHOP,NAKED_LONG,BULLISH,TIME,2024-07-09,2024-07-15,6,1550.39,1478.49,-71.9,-3.3
MU,CREDIT_SPREAD,BULLISH,TIME,2024-07-01,2024-07-16,15,867.04,689.74,177.3,8.0
TQQQ,NAKED_LONG,BEARISH,TIME,2024-07-15,2024-07-22,7,1856.41,1958.04,101.64,4.6
SOXL,NAKED_LONG,BEARISH,TIME,2024-07-15,2024-07-22,7,2129.21,2409.92,280.71,12.7
MU,CREDIT_SPREAD,BULLISH,TIME,2024-07-08,2024-07-23,15,848.69,578.34,270.35,12.2
SNOW,NAKED_LONG,BEARISH,TIME,2024-07-22,2024-07-29,7,2889.71,2871.9,-17.81,-0.6
AMZN,DIAGONAL,BULLISH,TIME,2024-07-15,2024-07-30,15,4448.93,4042.29,-406.64,-9.1
NVDA,DIAGONAL,BULLISH,TIME,2024-07-16,2024-07-31,15,3525.22,3629.63,104.41,3.0
PLTR,DIAGONAL,BULLISH,TIME,2024-07-22,2024-08-06,15,2065.69,2220.17,154.48,7.0
HOOD,DIAGONAL,BULLISH,TIME,2024-07-23,2024-08-07,15,1791.99,1567.9,-224.09,-10.2
NET,DIAGONAL,BULLISH,TIME,2024-07-29,2024-08-13,15,1930.96,2171.11,240.15,10.9
SOXL,DIAGONAL,BULLISH,TIME,2024-07-30,2024-08-14,15,1651.79,1794.71,142.92,6.5
NVDA,DIAGONAL,BULLISH,TIME,2024-07-30,2024-08-14,15,3006.65,3878.31,871.66,29.0
GOOGL,DIAGONAL,BEARISH,TIME,2024-07-31,2024-08-15,15,3698.14,3327.65,-370.49,-10.0
MU,DIAGONAL,BULLISH,TIME,2024-08-06,2024-08-21,15,2622.95,3193.81,570.85,21.8
TQQQ,DIAGONAL,BEARISH,TIME,2024-08-13,2024-08-28,15,1265.08,1084.64,-180.44,-8.2
SOXL,DIAGONAL,BEARISH,TIME,2024-08-13,2024-08-28,15,2240.35,1948.64,-291.71,-13.0
TQQQ,DIAGONAL,BEARISH,TIME,2024-08-14,2024-08-29,15,1224.76,1035.33,-189.43,-8.6
TQQQ,DIAGONAL,BEARISH,TIME,2024-08-15,2024-08-30,15,1358.46,1021.58,-336.88,-15.3
NVDA,DIAGONAL,BEARISH,TIME,2024-08-15,2024-08-30,15,4609.54,3454.51,-1155.04,-25.1
CLS,DIAGONAL,BULLISH,TIME,2024-08-21,2024-09-05,15,1658.16,1241.61,-416.55,-18.9
GOOGL,DIAGONAL,BULLISH,TIME,2024-08-28,2024-09-12,15,3739.55,3485.7,-253.85,-6.8
TQQQ,CREDIT_SPREAD,BULLISH,TIME,2024-08-29,2024-09-13,15,964.39,794.82,169.57,7.7
COIN,DIAGONAL,BULLISH,TIME,2024-08-30,2024-09-16,17,5692.34,4630.34,-1062.0,-18.7
SHOP,DIAGONAL,BULLISH,TIME,2024-09-05,2024-09-20,15,1791.09,1899.75,108.66,4.9
WDAY,CREDIT_SPREAD,BULLISH,TIME,2024-09-12,2024-09-27,15,787.07,58.0,729.07,33.0
TQQQ,DIAGONAL,BEARISH,TIME,2024-09-12,2024-09-27,15,2191.56,2061.66,-129.9,-5.9
WDAY,CREDIT_SPREAD,BULLISH,TIME,2024-09-13,2024-09-30,17,772.56,45.7,726.86,32.9
NVDA,CREDIT_SPREAD,BULLISH,TIME,2024-09-16,2024-10-01,15,828.05,583.16,244.89,11.1
AMZN,CREDIT_SPREAD,BULLISH,TIME,2024-09-16,2024-10-01,15,465.87,278.45,187.42,8.5
HOOD,DIAGONAL,BULLISH,TIME,2024-09-20,2024-10-07,17,1820.13,1707.0,-113.13,-5.1
CIEN,NAKED_LONG,BEARISH,TIME,2024-10-02,2024-10-07,5,1530.68,1455.15,-75.53,-3.4
SOXL,CREDIT_SPREAD,BULLISH,TIME,2024-09-30,2024-10-15,15,1187.05,906.96,280.09,12.7
AMD,CREDIT_SPREAD,BULLISH,TIME,2024-09-30,2024-10-15,15,792.03,561.83,230.2,10.4
SOXL,DIAGONAL,BULLISH,TIME,2024-10-01,2024-10-16,15,1292.18,1241.15,-51.03,-2.3
AMZN,DIAGONAL,BULLISH,TIME,2024-10-01,2024-10-16,15,4307.43,4144.04,-163.38,-3.8
QCOM,DIAGONAL,BULLISH,TIME,2024-10-07,2024-10-22,15,3789.0,3852.0,62.99,1.7
NVDA,NAKED_LONG,BEARISH,TIME,2024-10-17,2024-10-22,5,3056.37,3165.23,108.85,3.6
AMD,DIAGONAL,BULLISH,TIME,2024-10-15,2024-10-30,15,4089.39,4077.16,-12.23,-0.3
TQQQ,DIAGONAL,BULLISH,TIME,2024-10-16,2024-10-31,15,1894.2,1787.97,-106.23,-4.8
SOXL,DIAGONAL,BULLISH,TIME,2024-10-16,2024-10-31,15,1283.58,1058.45,-225.12,-10.2
PLTR,DIAGONAL,BULLISH,PROFIT,2024-10-30,2024-11-05,6,2200.91,3242.77,1041.86,47.2
SOXL,DIAGONAL,BULLISH,TIME,2024-10-22,2024-11-06,15,1210.08,1228.28,18.2,0.8
MU,DIAGONAL,BULLISH,TIME,2024-10-22,2024-11-06,15,3180.9,2847.6,-333.3,-10.5
NVDA,NAKED_LONG,BEARISH,TIME,2024-11-05,2024-11-11,6,3097.02,3307.13,210.11,6.8
TQQQ,NAKED_LONG,BEARISH,TIME,2024-11-06,2024-11-11,5,2068.06,2190.73,122.67,5.6
SOXL,NAKED_LONG,BEARISH,TIME,2024-11-06,2024-11-11,5,1361.73,1324.4,-37.34,-1.7
SHOP,NAKED_LONG,BEARISH,PROFIT,2024-11-11,2024-11-12,1,1802.97,3476.35,1673.37,75.8
CLS,DIAGONAL,BULLISH,TIME,2024-10-30,2024-11-14,15,2186.37,2435.9,249.53,11.3
TQQQ,DIAGONAL,BULLISH,TIME,2024-10-31,2024-11-15,15,1861.52,2066.03,204.51,9.3
NVDA,DIAGONAL,BULLISH,TIME,2024-10-31,2024-11-15,15,3348.45,3412.59,64.14,1.9
NVDA,NAKED_LONG,BULLISH,TIME,2024-11-11,2024-11-18,7,3619.53,3338.81,-280.71,-7.8
NVDA,NAKED_LONG,BULLISH,TIME,2024-11-18,2024-11-25,7,3362.8,3409.88,47.08,1.4
SOXL,DIAGONAL,BULLISH,TIME,2024-11-11,2024-11-26,15,1239.31,972.48,-266.82,-12.1
TQQQ,DIAGONAL,BULLISH,TIME,2024-11-12,2024-11-27,15,1127.26,1060.55,-66.71,-3.0
TQQQ,DIAGONAL,BULLISH,TIME,2024-11-14,2024-11-29,15,1106.18,1025.58,-80.6,-3.7
TQQQ,DIAGONAL,BULLISH,TIME,2024-11-15,2024-12-02,17,2152.98,2120.29,-32.69,-1.5
GOOGL,DIAGONAL,BULLISH,TIME,2024-11-15,2024-12-02,17,3987.13,3949.08,-38.05,-1.0
NVDA,NAKED_LONG,BULLISH,TIME,2024-11-25,2024-12-02,7,3438.59,3384.21,-54.37,-1.6
AMD,NAKED_LONG,BULLISH,TIME,2024-11-27,2024-12-02,5,3200.95,3341.11,140.16,4.4
TQQQ,NAKED_LONG,BEARISH,TIME,2024-12-02,2024-12-09,7,2071.34,1931.29,-140.05,-6.3
NVDA,NAKED_LONG,BEARISH,TIME,2024-12-02,2024-12-09,7,3103.8,3039.89,-63.91,-2.1
AAPL,NAKED_LONG,BEARISH,TIME,2024-12-02,2024-12-09,7,4103.64,4228.63,124.99,3.0
MSTR,CREDIT_SPREAD,BULLISH,TIME,2024-11-26,2024-12-11,15,790.66,788.86,1.8,0.1
MU,DIAGONAL,BULLISH,TIME,2024-11-29,2024-12-16,17,2568.12,2740.81,172.69,6.7
NVDA,NAKED_LONG,BULLISH,TIME,2024-12-09,2024-12-16,7,3380.81,3215.91,-164.9,-4.9
AMD,NAKED_LONG,BULLISH,TIME,2024-12-09,2024-12-16,7,3156.57,3029.06,-127.51,-4.0
MSTR,CREDIT_SPREAD,BULLISH,TIME,2024-12-02,2024-12-17,15,847.39,728.62,118.77,5.4
NVDA,NAKED_LONG,BULLISH,TIME,2024-12-16,2024-12-23,7,3240.88,3375.74,134.86,4.2
AMD,NAKED_LONG,BULLISH,TIME,2024-12-16,2024-12-23,7,3051.09,3052.61,1.52,0.0
NVDA,NAKED_LONG,BULLISH,TIME,2024-12-17,2024-12-23,6,3200.86,3379.4,178.55,5.6
VRT,CREDIT_SPREAD,BULLISH,TIME,2024-12-09,2024-12-24,15,892.85,579.26,313.58,14.2
SNOW,CREDIT_SPREAD,BULLISH,TIME,2024-12-11,2024-12-26,15,1055.03,554.95,500.09,22.7
GDX,CREDIT_SPREAD,BULLISH,TIME,2024-12-16,2024-12-31,15,721.4,444.21,277.19,12.6
SOXL,NAKED_LONG,BEARISH,TIME,2024-12-26,2024-12-31,5,1139.36,987.67,-151.69,-6.9
TQQQ,DIAGONAL,BULLISH,TIME,2025-01-02,2025-01-17,15,2314.9,2472.55,157.65,4.9
AAPL,DIAGONAL,BULLISH,TIME,2025-01-02,2025-01-17,15,5425.05,5137.66,-287.39,-5.3
MSFT,DIAGONAL,BULLISH,TIME,2025-01-02,2025-01-17,15,9292.35,9419.86,127.51,1.4
SOXL,NAKED_LONG,BEARISH,TIME,2025-01-17,2025-01-22,5,2421.95,2329.16,-92.79,-2.9
AVGO,NAKED_LONG,BEARISH,TIME,2025-01-17,2025-01-22,5,5659.71,5062.07,-597.63,-10.6
AMAT,NAKED_LONG,BEARISH,TIME,2025-01-17,2025-01-22,5,4163.85,3999.35,-164.5,-4.0
SHOP,DIAGONAL,BULLISH,TIME,2025-01-17,2025-02-03,17,2779.85,3016.28,236.43,7.4
TSLA,DIAGONAL,BULLISH,TIME,2025-01-22,2025-02-06,15,12724.35,9576.8,-3147.56,-24.7
TSLA,NAKED_LONG,BULLISH,TIME,2025-02-06,2025-02-11,5,9776.29,8874.46,-901.83,-9.2
TQQQ,DIAGONAL,BULLISH,TIME,2025-02-03,2025-02-18,15,2387.69,2362.07,-25.62,-0.8
TSLA,NAKED_LONG,BULLISH,TIME,2025-02-11,2025-02-18,7,8935.9,9141.41,205.5,2.3
TQQQ,NAKED_LONG,BEARISH,TIME,2025-02-18,2025-02-24,6,2314.58,2157.27,-157.31,-4.9
GOOGL,CREDIT_SPREAD,BULLISH,TIME,2025-02-18,2025-03-05,15,1058.66,682.07,376.58,11.8
AMZN,DIAGONAL,BULLISH,TIME,2025-02-18,2025-03-05,15,5219.25,4765.47,-453.79,-8.7
TQQQ,DIAGONAL,BULLISH,TIME,2025-02-24,2025-03-11,15,2270.71,1806.65,-464.07,-14.5
AAPL,DIAGONAL,BULLISH,TIME,2025-03-05,2025-03-20,15,5312.9,4877.86,-435.04,-8.2
CLS,DIAGONAL,BULLISH,TIME,2025-03-05,2025-03-20,15,3006.49,3402.6,396.11,12.4
TQQQ,DIAGONAL,BULLISH,TIME,2025-03-11,2025-03-26,15,2820.91,3182.14,361.23,11.3
RDDT,DIAGONAL,BULLISH,TIME,2025-03-20,2025-04-04,15,4688.38,3771.57,-916.81,-19.6
NVDA,DIAGONAL,BEARISH,TIME,2025-03-20,2025-04-04,15,3968.42,2657.0,-1311.42,-33.0
NVDA,CREDIT_SPREAD,BULLISH,TIME,2025-03-26,2025-04-10,15,1444.88,1268.37,176.51,5.5
SNOW,NAKED_LONG,BEARISH,TIME,2025-04-08,2025-04-14,6,3573.88,4532.99,959.11,26.8
AAPL,DIAGONAL,BULLISH,TIME,2025-04-04,2025-04-21,17,5171.91,6121.15,949.24,18.4
GDX,DIAGONAL,BEARISH,TIME,2025-04-10,2025-04-25,15,2587.08,2612.6,25.52,0.8
SHOP,DIAGONAL,BULLISH,TIME,2025-04-14,2025-04-29,15,3336.55,3809.34,472.79,14.2
NVDA,DIAGONAL,BULLISH,TIME,2025-04-21,2025-05-06,15,3430.13,3656.15,226.02,6.6
GOOGL,DIAGONAL,BULLISH,TIME,2025-04-21,2025-05-06,15,4065.72,4109.36,43.64,1.1
TQQQ,DIAGONAL,BEARISH,TIME,2025-04-25,2025-05-12,17,1604.74,1081.2,-523.53,-16.4
MU,CREDIT_SPREAD,BULLISH,TIME,2025-04-29,2025-05-14,15,1611.18,1215.41,395.77,12.4
AAPL,NAKED_LONG,BEARISH,TIME,2025-05-12,2025-05-19,7,4708.04,4394.82,-313.21,-6.7
TQQQ,CREDIT_SPREAD,BULLISH,TIME,2025-05-06,2025-05-21,15,1728.29,1337.15,391.13,12.2
NVDA,CREDIT_SPREAD,BULLISH,TIME,2025-05-06,2025-05-21,15,1499.56,980.9,518.66,16.2
TQQQ,NAKED_LONG,BULLISH,TIME,2025-05-21,2025-05-27,6,2881.83,2979.43,97.6,3.1
NVDA,NAKED_LONG,BULLISH,TIME,2025-05-21,2025-05-27,6,3227.77,3232.74,4.97,0.2
GDX,CREDIT_SPREAD,BULLISH,TIME,2025-05-14,2025-05-29,15,1208.62,1042.0,166.62,5.2
PLTR,NAKED_LONG,BEARISH,TIME,2025-05-27,2025-06-02,6,3900.03,4149.5,249.46,6.4
MRVL,DIAGONAL,BULLISH,TIME,2025-05-19,2025-06-03,15,1803.11,1724.46,-78.65,-2.5
WDAY,CREDIT_SPREAD,BULLISH,TIME,2025-05-27,2025-06-11,15,1185.78,995.11,190.68,6.0
GOOGL,CREDIT_SPREAD,BULLISH,TIME,2025-05-29,2025-06-13,15,993.61,445.55,548.06,17.1
MRVL,NAKED_LONG,BULLISH,TIME,2025-06-11,2025-06-16,5,1780.0,1878.8,98.8,3.1
MU,NAKED_LONG,BEARISH,TIME,2025-06-11,2025-06-16,5,2426.03,2496.04,70.02,2.2
GOOGL,CREDIT_SPREAD,BULLISH,TIME,2025-06-02,2025-06-17,15,977.14,450.96,526.18,16.4
SHOP,DIAGONAL,BULLISH,TIME,2025-06-03,2025-06-18,15,3087.06,2701.18,-385.89,-12.1
RDDT,NAKED_LONG,BEARISH,TIME,2025-06-13,2025-06-18,5,3539.63,4351.18,811.56,22.9
MDB,NAKED_LONG,BULLISH,TIME,2025-06-16,2025-06-23,7,5468.39,5407.19,-61.2,-1.1
GDX,NAKED_LONG,BULLISH,TIME,2025-06-17,2025-06-23,6,2517.73,2479.49,-38.24,-1.2
TQQQ,NAKED_LONG,BULLISH,TIME,2025-06-18,2025-06-23,5,2806.6,2803.29,-3.31,-0.1
GOOGL,NAKED_LONG,BULLISH,TIME,2025-06-18,2025-06-23,5,3915.81,3752.8,-163.01,-4.2
GOOGL,NAKED_LONG,BULLISH,TIME,2025-06-23,2025-06-30,7,3767.75,4046.31,278.57,7.4
AMZN,NAKED_LONG,BULLISH,TIME,2025-06-23,2025-06-30,7,4651.92,4928.22,276.29,5.9
MRVL,NAKED_LONG,BULLISH,TIME,2025-06-23,2025-06-30,7,1977.36,2121.82,144.45,4.5
AMD,NAKED_LONG,BEARISH,TIME,2025-06-23,2025-06-30,7,3089.47,3469.21,379.74,11.9
SOXL,NAKED_LONG,BULLISH,TIME,2025-06-30,2025-07-07,7,3150.35,3135.86,-14.49,-0.5
MU,NAKED_LONG,BULLISH,TIME,2025-06-30,2025-07-07,7,2875.2,2765.35,-109.85,-3.4
AMD,NAKED_LONG,BULLISH,TIME,2025-07-07,2025-07-14,7,3594.17,3793.83,199.66,5.6
QCOM,NAKED_LONG,BULLISH,TIME,2025-07-07,2025-07-14,7,3570.95,3406.3,-164.65,-4.6
TSLA,DIAGONAL,BULLISH,TIME,2025-06-30,2025-07-15,15,10339.36,8541.18,-1798.17,-17.4
SOXL,NAKED_LONG,BULLISH,TIME,2025-07-14,2025-07-21,7,2482.41,2259.74,-222.67,-7.0
AAPL,NAKED_LONG,BULLISH,TIME,2025-07-14,2025-07-21,7,4623.29,4663.98,40.69,0.9
MRVL,NAKED_LONG,BULLISH,TIME,2025-07-15,2025-07-21,6,1966.14,1879.08,-87.06,-2.7
NVDA,NAKED_LONG,BULLISH,TIME,2025-07-21,2025-07-28,7,3922.33,4017.57,95.24,2.4
PLTR,NAKED_LONG,BULLISH,TIME,2025-07-21,2025-07-28,7,4086.77,3785.41,-301.36,-7.4
SOXL,NAKED_LONG,BEARISH,TIME,2025-07-21,2025-07-28,7,2950.4,2657.91,-292.49,-9.1
ANET,DIAGONAL,BULLISH,TIME,2025-07-15,2025-07-30,15,2921.87,2731.58,-190.29,-5.9
MU,NAKED_LONG,BULLISH,TIME,2025-07-28,2025-08-04,7,2642.32,2687.27,44.94,1.4
TQQQ,NAKED_LONG,BEARISH,TIME,2025-07-28,2025-08-04,7,2525.2,2781.87,256.67,8.0
AAPL,NAKED_LONG,BEARISH,TIME,2025-07-28,2025-08-04,7,3688.54,3499.89,-188.65,-5.1
AAPL,NAKED_LONG,BULLISH,TIME,2025-07-30,2025-08-04,5,4603.88,4464.82,-139.06,-3.0
VRT,NAKED_LONG,BULLISH,TIME,2025-08-04,2025-08-11,7,3572.73,3343.81,-228.92,-6.4
RDDT,NAKED_LONG,BEARISH,TIME,2025-08-04,2025-08-11,7,6559.35,6967.5,408.15,6.2
AMZN,DIAGONAL,BULLISH,TIME,2025-08-04,2025-08-19,15,5210.4,5535.06,324.66,6.2
TQQQ,NAKED_LONG,BULLISH,TIME,2025-08-19,2025-08-25,6,2252.14,2299.02,46.88,1.5
TQQQ,NAKED_LONG,BULLISH,TIME,2025-08-20,2025-08-25,5,2216.52,2301.95,85.43,2.7
AMZN,DIAGONAL,BULLISH,TIME,2025-08-11,2025-08-26,15,5526.77,5612.86,86.09,1.6
SHOP,CREDIT_SPREAD,BULLISH,TIME,2025-08-11,2025-08-26,15,1398.05,1153.67,244.38,7.6
VRT,NAKED_LONG,BULLISH,TIME,2025-08-25,2025-09-02,8,2948.43,3064.16,115.73,3.6
NVDA,NAKED_LONG,BEARISH,TIME,2025-08-25,2025-09-02,8,3424.26,3174.46,-249.8,-7.3
CRWD,NAKED_LONG,BULLISH,TIME,2025-08-26,2025-09-02,7,9789.36,10076.76,287.4,2.9
GDX,NAKED_LONG,BEARISH,TIME,2025-09-02,2025-09-08,6,2412.18,2520.65,108.47,3.4
VRT,NAKED_LONG,BULLISH,TIME,2025-09-08,2025-09-15,7,3048.01,3650.17,602.15,18.8
TQQQ,DIAGONAL,BULLISH,TIME,2025-09-02,2025-09-17,15,2179.12,2268.96,89.84,2.8
SOXL,DIAGONAL,BULLISH,TIME,2025-09-02,2025-09-17,15,3194.23,3301.0,106.78,3.3
NVDA,DIAGONAL,BULLISH,TIME,2025-09-02,2025-09-17,15,3878.12,3861.03,-17.09,-0.4
SOXL,DIAGONAL,BULLISH,TIME,2025-09-03,2025-09-18,15,3147.35,3857.64,710.29,22.2
TQQQ,NAKED_LONG,BULLISH,TIME,2025-09-17,2025-09-22,5,2301.07,2387.06,85.99,2.7
NVDA,NAKED_LONG,BULLISH,TIME,2025-09-17,2025-09-22,5,3909.21,4324.97,415.76,10.6
AMD,NAKED_LONG,BULLISH,TIME,2025-09-18,2025-09-23,5,3859.98,3863.26,3.28,0.1
TQQQ,NAKED_LONG,BEARISH,TIME,2025-09-22,2025-09-29,7,3064.03,2936.12,-127.91,-4.0
NVDA,NAKED_LONG,BEARISH,TIME,2025-09-22,2025-09-29,7,3832.2,3769.4,-62.81,-1.6
AMD,NAKED_LONG,BEARISH,TIME,2025-09-23,2025-09-29,6,3482.51,3361.43,-121.08,-3.5
HOOD,DIAGONAL,BULLISH,TIME,2025-09-15,2025-09-30,15,3527.04,4288.7,761.65,21.6
GOOGL,CREDIT_SPREAD,BULLISH,TIME,2025-09-17,2025-10-02,15,1044.79,384.55,660.25,20.6
TQQQ,NAKED_LONG,BEARISH,TIME,2025-09-29,2025-10-06,7,2937.61,2966.41,28.8,0.9
TQQQ,NAKED_LONG,BEARISH,TIME,2025-09-30,2025-10-06,6,2856.24,2966.04,109.81,3.4
SOXL,NAKED_LONG,BEARISH,TIME,2025-09-30,2025-10-06,6,2472.05,3326.05,854.0,26.7
MU,NAKED_LONG,BEARISH,TIME,2025-10-06,2025-10-13,7,4902.92,5385.46,482.54,9.8
AAPL,DIAGONAL,BULLISH,TIME,2025-09-29,2025-10-14,15,5989.96,5567.86,-422.11,-7.0
NOW,DIAGONAL,BULLISH,TIME,2025-10-02,2025-10-17,15,4184.68,4069.85,-114.83,-2.7
NVDA,DIAGONAL,BULLISH,TIME,2025-10-06,2025-10-21,15,4416.03,4219.38,-196.65,-4.5
SOXL,NAKED_LONG,BEARISH,TIME,2025-10-16,2025-10-21,5,1847.25,1875.82,28.57,0.9
ANET,DIAGONAL,BULLISH,TIME,2025-10-13,2025-10-28,15,3887.7,4169.72,282.02,7.3
HOOD,DIAGONAL,BULLISH,TIME,2025-10-14,2025-10-29,15,4158.14,4069.32,-88.82,-2.1
AMZN,DIAGONAL,BULLISH,TIME,2025-10-17,2025-11-03,17,4939.43,6444.37,1504.94,30.5
TQQQ,NAKED_LONG,BEARISH,TIME,2025-10-28,2025-11-03,6,1673.36,1691.57,18.21,0.6
NVDA,DIAGONAL,BULLISH,TIME,2025-10-21,2025-11-05,15,4356.39,4845.78,489.39,11.2
MRVL,DIAGONAL,BULLISH,TIME,2025-10-21,2025-11-05,15,2362.7,2540.43,177.73,5.6
TQQQ,NAKED_LONG,BEARISH,TIME,2025-11-03,2025-11-10,7,1704.91,1507.73,-197.18,-6.2
MRVL,NAKED_LONG,BEARISH,TIME,2025-11-06,2025-11-11,5,2537.49,2310.64,-226.85,-7.1
QCOM,DIAGONAL,BULLISH,TIME,2025-10-29,2025-11-13,15,5024.28,4573.54,-450.74,-9.0
AAPL,DIAGONAL,BULLISH,TIME,2025-11-03,2025-11-18,15,6159.53,5863.21,-296.32,-4.8
NVDA,DIAGONAL,BULLISH,TIME,2025-11-05,2025-11-20,15,5034.97,4679.12,-355.85,-7.1
ARM,DIAGONAL,BULLISH,TIME,2025-11-11,2025-11-26,15,3863.68,3193.73,-669.95,-17.3
TQQQ,DIAGONAL,BULLISH,TIME,2025-11-13,2025-11-28,15,3043.53,3167.42,123.89,3.9
SOXL,DIAGONAL,BULLISH,TIME,2025-11-14,2025-12-01,17,3006.47,3381.54,375.07,11.7
TQQQ,DIAGONAL,BULLISH,TIME,2025-11-18,2025-12-03,15,2858.89,3150.19,291.3,9.1
SOXL,DIAGONAL,BULLISH,TIME,2025-11-18,2025-12-03,15,2686.76,3742.98,1056.22,33.0
NVDA,DIAGONAL,BULLISH,TIME,2025-11-21,2025-12-08,17,4799.97,4510.86,-289.11,-6.0
TQQQ,NAKED_LONG,BEARISH,TIME,2025-12-03,2025-12-08,5,1600.11,1524.64,-75.48,-2.4
WDAY,CREDIT_SPREAD,BULLISH,TIME,2025-11-26,2025-12-11,15,989.03,765.82,223.21,7.0
WDAY,CREDIT_SPREAD,BULLISH,TIME,2025-11-28,2025-12-15,17,989.12,708.19,280.93,8.8
AAPL,NAKED_LONG,BULLISH,TIME,2025-12-08,2025-12-15,7,6152.46,6038.19,-114.27,-1.9
SOXL,NAKED_LONG,BEARISH,TIME,2025-12-08,2025-12-15,7,2082.84,1783.9,-298.95,-9.3
GOOGL,CREDIT_SPREAD,BULLISH,TIME,2025-12-01,2025-12-16,15,908.18,576.98,331.2,10.4
ARM,NAKED_LONG,BULLISH,TIME,2025-12-11,2025-12-16,5,3284.89,2933.61,-351.29,-10.7
MU,CREDIT_SPREAD,BULLISH,TIME,2025-12-03,2025-12-18,15,1301.39,1202.84,98.55,3.1
TQQQ,NAKED_LONG,BULLISH,TIME,2025-12-15,2025-12-22,7,2823.57,2846.98,23.42,0.7
SOXL,NAKED_LONG,BULLISH,TIME,2025-12-15,2025-12-22,7,1680.65,1664.89,-15.76,-0.5
SOXL,NAKED_LONG,BULLISH,TIME,2025-12-16,2025-12-22,6,1636.88,1668.05,31.17,1.0
TQQQ,NAKED_LONG,BEARISH,TIME,2025-12-22,2025-12-29,7,2732.6,2487.15,-245.45,-7.7
SOXL,NAKED_LONG,BEARISH,TIME,2025-12-22,2025-12-29,7,1798.38,1636.51,-161.87,-5.1
NVDA,NAKED_LONG,BEARISH,TIME,2025-12-22,2025-12-29,7,3830.74,3851.06,20.31,0.5
GOOGL,DIAGONAL,BULLISH,TIME,2025-12-16,2025-12-31,15,7408.24,6962.94,-445.3,-6.0
